"Data";"Hora (UTC)";"Temp. Ins. (C)";"Temp. Max. (C)";"Temp. Min. (C)";"Umi. Ins. (%)";"Umi. Max. (%)";"Umi. Min. (%)";"Pto Orvalho Ins. (C)";"Pto Orvalho Max. (C)";"Pto Orvalho Min. (C)";"Pressao Ins. (hPa)";"Pressao Max. (hPa)";"Pressao Min. (hPa)";"Vel. Vento (m/s)";"Dir. Vento (m/s)";"Raj. Vento (m/s)";"Radiacao (KJ/m²)";"Chuva (mm)"
"01/08/2025";"0000";"23,9";"24,9";"23,9";"";"";"";"";"";"";"989,1";"989,1";"988,6";"0,1";"";"0,8";"";"0,0"
"01/08/2025";"0100";"23,8";"24,0";"23,6";"";"";"";"";"";"";"989,7";"989,7";"989,0";"0,0";"";"0,6";"";"0,0"
"01/08/2025";"0200";"23,3";"23,9";"23,2";"";"";"";"";"";"";"990,5";"990,5";"989,7";"0,0";"";"0,5";"";"0,0"
"01/08/2025";"0300";"23,0";"23,4";"23,0";"";"";"";"";"";"";"990,7";"990,7";"990,5";"0,0";"";"0,6";"";"0,2"
"01/08/2025";"0400";"22,6";"23,2";"22,6";"";"";"";"";"";"";"990,8";"990,8";"990,7";"0,1";"";"0,6";"";"0,0"
"01/08/2025";"0500";"22,4";"23,0";"22,3";"";"";"";"";"";"";"990,7";"991,0";"990,7";"0,0";"";"0,6";"";"0,0"
"01/08/2025";"0600";"22,4";"22,8";"22,3";"";"";"";"";"";"";"990,4";"990,7";"990,4";"0,2";"";"0,9";"";"0,0"
"01/08/2025";"0700";"22,3";"22,5";"22,2";"";"";"";"";"";"";"990,4";"990,4";"990,3";"0,0";"";"0,7";"";"0,0"
"01/08/2025";"0800";"21,6";"22,3";"21,5";"";"";"";"";"";"";"990,2";"990,4";"990,1";"0,4";"";"0,9";"";"0,0"
"01/08/2025";"0900";"21,5";"21,7";"21,2";"";"";"";"";"";"";"990,2";"990,3";"990,1";"0,0";"";"0,9";"";"0,0"
"01/08/2025";"1000";"21,1";"21,7";"21,0";"";"";"";"";"";"";"990,5";"990,6";"990,2";"0,0";"";"0,5";"";"0,0"
"01/08/2025";"1100";"21,4";"21,6";"21,0";"";"";"";"";"";"";"991,2";"991,2";"990,5";"0,1";"";"1,0";"";"0,0"
"01/08/2025";"1200";"22,1";"22,1";"21,1";"";"";"";"";"";"";"991,9";"991,9";"991,2";"0,1";"";"0,8";"157,30";"0,0"
"01/08/2025";"1300";"24,6";"24,6";"22,1";"";"";"";"";"";"";"992,5";"992,5";"991,9";"0,5";"";"1,6";"729,80";"0,0"
"01/08/2025";"1400";"27,1";"27,5";"24,6";"";"";"";"";"";"";"993,1";"993,2";"992,5";"1,1";"";"1,9";"1692,60";"0,0"
"01/08/2025";"1500";"29,0";"29,1";"27,1";"";"";"";"";"";"";"993,7";"993,7";"993,1";"1,2";"";"2,7";"2370,30";"0,0"
"01/08/2025";"1600";"30,9";"31,1";"29,0";"";"";"";"";"";"";"993,3";"993,7";"993,3";"1,4";"";"2,9";"2884,70";"0,0"
"01/08/2025";"1700";"31,9";"32,5";"30,6";"";"";"";"";"";"";"992,5";"993,3";"992,5";"1,1";"";"3,9";"3094,40";"0,0"
"01/08/2025";"1800";"32,5";"32,8";"31,2";"";"";"";"";"";"";"991,5";"992,5";"991,5";"1,0";"";"3,2";"2717,80";"0,0"
"01/08/2025";"1900";"31,8";"33,6";"31,4";"";"";"";"";"";"";"990,3";"991,5";"990,3";"1,0";"";"5,1";"2724,30";"0,0"
"01/08/2025";"2000";"31,4";"33,8";"31,0";"";"";"";"";"";"";"989,2";"990,3";"989,2";"1,0";"";"3,4";"1703,40";"0,0"
"01/08/2025";"2100";"30,2";"31,4";"25,5";"";"";"";"";"";"";"988,6";"989,3";"988,6";"0,6";"";"6,2";"820,40";"0,4"
"01/08/2025";"2200";"29,4";"31,6";"29,4";"";"";"";"";"";"";"988,5";"988,7";"988,5";"0,8";"";"2,2";"824,80";"0,0"
"01/08/2025";"2300";"26,2";"29,4";"26,2";"";"";"";"";"";"";"988,5";"988,5";"988,3";"0,8";"";"2,2";"76,20";"0,0"
"02/08/2025";"0000";"25,2";"26,7";"25,2";"";"";"";"";"";"";"989,0";"989,0";"988,5";"1,1";"";"2,4";"";"0,0"
"02/08/2025";"0100";"25,3";"25,9";"24,5";"";"";"";"";"";"";"989,7";"989,7";"988,9";"1,1";"";"2,2";"";"0,0"
"02/08/2025";"0200";"24,7";"25,6";"24,7";"";"";"";"";"";"";"990,4";"990,4";"989,7";"0,8";"";"2,2";"";"0,0"
"02/08/2025";"0300";"24,4";"24,7";"23,8";"";"";"";"";"";"";"991,3";"991,3";"990,4";"0,7";"";"2,1";"";"0,0"
"02/08/2025";"0400";"24,6";"25,1";"24,4";"";"";"";"";"";"";"991,8";"991,8";"991,3";"1,5";"";"2,2";"";"0,0"
"02/08/2025";"0500";"24,1";"24,6";"24,0";"";"";"";"";"";"";"991,6";"991,9";"991,6";"1,0";"";"2,4";"";"0,0"
"02/08/2025";"0600";"23,6";"24,2";"23,6";"";"";"";"";"";"";"991,3";"991,7";"991,3";"0,7";"";"2,2";"";"0,0"
"02/08/2025";"0700";"23,8";"23,8";"23,2";"";"";"";"";"";"";"990,8";"991,3";"990,7";"0,7";"";"2,7";"";"0,0"
"02/08/2025";"0800";"23,6";"23,8";"23,4";"";"";"";"";"";"";"990,4";"990,8";"990,4";"1,8";"";"4,9";"";"0,0"
"02/08/2025";"0900";"23,0";"23,6";"23,0";"";"";"";"";"";"";"990,3";"990,4";"990,2";"1,8";"";"5,3";"";"0,0"
"02/08/2025";"1000";"22,5";"23,0";"22,5";"";"";"";"";"";"";"990,4";"990,4";"990,2";"0,1";"";"3,6";"";"0,0"
"02/08/2025";"1100";"22,1";"22,5";"22,1";"";"";"";"";"";"";"991,6";"991,6";"990,4";"0,5";"";"1,4";"";"0,0"
"02/08/2025";"1200";"22,5";"22,5";"21,9";"";"";"";"";"";"";"992,4";"992,4";"991,6";"0,2";"";"1,4";"101,60";"0,0"
"02/08/2025";"1300";"24,7";"24,8";"22,5";"";"";"";"";"";"";"993,1";"993,1";"992,4";"0,6";"";"1,5";"620,10";"0,0"
"02/08/2025";"1400";"26,4";"26,4";"24,4";"";"";"";"";"";"";"993,8";"993,8";"993,1";"0,8";"";"2,8";"1368,50";"0,0"
"02/08/2025";"1500";"26,4";"27,0";"25,9";"";"";"";"";"";"";"993,9";"994,0";"993,8";"1,4";"";"3,4";"1066,20";"0,0"
"02/08/2025";"1600";"27,4";"28,3";"26,4";"";"";"";"";"";"";"993,6";"993,9";"993,5";"3,2";"";"6,3";"2163,00";"0,0"
"02/08/2025";"1700";"26,3";"27,7";"26,3";"";"";"";"";"";"";"993,3";"993,7";"993,2";"5,4";"";"11,3";"1720,50";"0,0"
"02/08/2025";"1800";"24,7";"26,3";"24,7";"";"";"";"";"";"";"991,9";"993,3";"991,9";"2,5";"";"10,7";"1218,60";"0,0"
"02/08/2025";"1900";"24,5";"24,8";"24,0";"";"";"";"";"";"";"991,0";"991,9";"991,0";"1,7";"";"7,4";"577,20";"0,0"
"02/08/2025";"2000";"26,1";"26,1";"24,5";"";"";"";"";"";"";"990,0";"991,0";"989,9";"1,5";"";"4,1";"981,90";"0,0"
"02/08/2025";"2100";"26,4";"26,5";"26,1";"";"";"";"";"";"";"989,0";"990,0";"989,0";"1,6";"";"3,7";"647,10";"0,0"
"02/08/2025";"2200";"25,9";"26,4";"25,9";"";"";"";"";"";"";"989,0";"989,1";"988,7";"0,8";"";"3,1";"323,90";"0,0"
"02/08/2025";"2300";"24,1";"25,9";"24,1";"";"";"";"";"";"";"989,3";"989,3";"988,9";"1,2";"";"3,4";"61,70";"0,0"
"03/08/2025";"0000";"23,4";"24,1";"23,3";"";"";"";"";"";"";"989,9";"990,0";"989,3";"1,1";"";"2,7";"";"0,0"
"03/08/2025";"0100";"22,7";"23,4";"22,7";"";"";"";"";"";"";"989,8";"990,1";"989,8";"0,4";"";"2,0";"";"0,0"
"03/08/2025";"0200";"22,6";"22,8";"22,5";"";"";"";"";"";"";"989,9";"990,3";"989,8";"0,5";"";"1,6";"";"0,0"
"03/08/2025";"0300";"22,8";"22,8";"22,5";"";"";"";"";"";"";"990,0";"990,0";"989,8";"0,1";"";"1,3";"";"0,0"
"03/08/2025";"0400";"22,4";"22,8";"22,4";"";"";"";"";"";"";"990,1";"990,1";"989,9";"1,6";"";"3,2";"";"0,0"
"03/08/2025";"0500";"22,1";"22,4";"22,1";"";"";"";"";"";"";"990,0";"990,3";"990,0";"0,4";"";"3,2";"";"0,0"
"03/08/2025";"0600";"22,0";"22,2";"22,0";"";"";"";"";"";"";"989,7";"990,1";"989,7";"0,2";"";"2,6";"";"0,0"
"03/08/2025";"0700";"21,8";"22,1";"21,6";"";"";"";"";"";"";"989,4";"989,7";"989,3";"0,2";"";"1,4";"";"0,0"
"03/08/2025";"0800";"21,7";"21,9";"21,5";"";"";"";"";"";"";"989,4";"989,6";"989,2";"0,6";"";"1,9";"";"0,0"
"03/08/2025";"0900";"21,8";"21,8";"21,6";"";"";"";"";"";"";"989,9";"990,0";"989,4";"0,5";"";"2,2";"";"0,0"
"03/08/2025";"1000";"21,3";"21,8";"21,3";"";"";"";"";"";"";"990,6";"990,6";"989,9";"0,1";"";"2,1";"";"0,0"
"03/08/2025";"1100";"21,1";"21,4";"21,0";"";"";"";"";"";"";"991,1";"991,1";"990,6";"0,3";"";"1,4";"";"0,0"
"03/08/2025";"1200";"21,7";"21,7";"21,0";"";"";"";"";"";"";"991,9";"991,9";"991,2";"0,6";"";"1,5";"99,00";"0,0"
"03/08/2025";"1300";"22,6";"22,6";"21,6";"";"";"";"";"";"";"993,0";"993,0";"991,9";"0,3";"";"1,5";"271,70";"0,0"
"03/08/2025";"1400";"24,0";"24,2";"22,6";"";"";"";"";"";"";"993,3";"993,3";"993,0";"0,8";"";"1,7";"794,80";"0,0"
"03/08/2025";"1500";"26,6";"27,1";"23,9";"";"";"";"";"";"";"993,2";"993,4";"993,1";"0,6";"";"3,8";"2211,00";"0,0"
"03/08/2025";"1600";"28,2";"28,2";"26,5";"";"";"";"";"";"";"992,6";"993,2";"992,6";"1,3";"";"3,8";"2298,00";"0,0"
"03/08/2025";"1700";"29,7";"30,0";"28,1";"";"";"";"";"";"";"991,9";"992,6";"991,9";"1,0";"";"3,3";"2486,80";"0,0"
"03/08/2025";"1800";"30,8";"31,0";"28,7";"";"";"";"";"";"";"990,8";"991,9";"990,8";"0,7";"";"4,2";"2238,10";"0,0"
"03/08/2025";"1900";"29,4";"31,5";"29,4";"";"";"";"";"";"";"989,5";"990,8";"989,5";"1,1";"";"2,5";"1519,30";"0,0"
"03/08/2025";"2000";"31,0";"32,0";"29,4";"";"";"";"";"";"";"988,6";"989,5";"988,6";"0,9";"";"3,0";"2155,90";"0,0"
"03/08/2025";"2100";"28,5";"30,9";"28,2";"";"";"";"";"";"";"988,0";"988,6";"988,0";"0,3";"";"2,6";"401,30";"0,0"
"03/08/2025";"2200";"28,9";"31,1";"28,5";"";"";"";"";"";"";"988,1";"988,1";"987,9";"1,0";"";"3,9";"708,40";"0,0"
"03/08/2025";"2300";"26,6";"28,9";"26,6";"";"";"";"";"";"";"988,0";"988,1";"987,9";"0,0";"";"4,5";"116,60";"0,0"
"04/08/2025";"0000";"25,2";"26,6";"24,8";"";"";"";"";"";"";"988,4";"988,5";"987,9";"0,2";"";"1,0";"";"0,0"
"04/08/2025";"0100";"24,2";"25,2";"23,9";"";"";"";"";"";"";"988,8";"988,8";"988,4";"0,1";"";"1,5";"";"0,0"
"04/08/2025";"0200";"24,0";"24,3";"23,7";"";"";"";"";"";"";"989,4";"989,4";"988,8";"0,2";"";"1,0";"";"0,0"
"04/08/2025";"0300";"23,8";"24,2";"23,7";"";"";"";"";"";"";"989,8";"989,9";"989,4";"0,5";"";"1,8";"";"0,0"
"04/08/2025";"0400";"23,0";"23,8";"23,0";"";"";"";"";"";"";"989,7";"989,9";"989,7";"0,0";"";"1,1";"";"0,0"
"04/08/2025";"0500";"22,2";"23,0";"22,1";"";"";"";"";"";"";"989,4";"989,8";"989,4";"0,2";"";"1,6";"";"0,0"
"04/08/2025";"0600";"22,0";"22,4";"22,0";"";"";"";"";"";"";"988,9";"989,4";"988,9";"0,0";"";"0,8";"";"0,0"
"04/08/2025";"0700";"22,1";"22,3";"21,8";"";"";"";"";"";"";"988,6";"988,9";"988,6";"0,6";"";"1,2";"";"0,0"
"04/08/2025";"0800";"22,1";"22,2";"21,5";"";"";"";"";"";"";"988,4";"988,7";"988,4";"0,1";"";"1,2";"";"0,0"
"04/08/2025";"0900";"21,2";"22,1";"21,2";"";"";"";"";"";"";"988,5";"988,5";"988,4";"0,2";"";"1,1";"";"0,0"
"04/08/2025";"1000";"20,8";"21,3";"20,8";"";"";"";"";"";"";"989,2";"989,2";"988,5";"0,8";"";"1,6";"";"0,0"
"04/08/2025";"1100";"21,3";"21,5";"20,8";"";"";"";"";"";"";"990,1";"990,1";"989,2";"0,1";"";"1,3";"";"0,0"
"04/08/2025";"1200";"22,5";"22,5";"21,3";"";"";"";"";"";"";"991,0";"991,0";"990,1";"0,3";"";"1,2";"88,40";"0,0"
"04/08/2025";"1300";"24,5";"24,5";"22,5";"";"";"";"";"";"";"991,7";"991,7";"991,0";"0,2";"";"1,0";"428,10";"0,0"
"04/08/2025";"1400";"28,2";"28,2";"24,5";"";"";"";"";"";"";"992,1";"992,1";"991,7";"1,2";"";"3,1";"1768,90";"0,0"
"04/08/2025";"1500";"29,6";"29,6";"27,7";"";"";"";"";"";"";"992,2";"992,3";"992,1";"0,7";"";"3,2";"2087,70";"0,0"
"04/08/2025";"1600";"31,4";"31,7";"29,0";"";"";"";"";"";"";"991,6";"992,2";"991,6";"1,0";"";"3,8";"2910,60";"0,0"
"04/08/2025";"1700";"31,5";"32,3";"31,0";"";"";"";"";"";"";"990,8";"991,6";"990,8";"1,6";"";"4,2";"3389,80";"0,0"
"04/08/2025";"1800";"31,1";"33,3";"31,1";"";"";"";"";"";"";"989,5";"990,8";"989,5";"1,7";"";"4,2";"3180,00";"0,0"
"04/08/2025";"1900";"32,2";"32,6";"31,1";"";"";"";"";"";"";"988,1";"989,5";"988,1";"1,9";"";"4,1";"2869,90";"0,0"
"04/08/2025";"2000";"32,7";"33,1";"31,9";"";"";"";"";"";"";"987,1";"988,1";"987,1";"1,5";"";"4,1";"2476,60";"0,0"
"04/08/2025";"2100";"31,9";"33,3";"31,7";"";"";"";"";"";"";"986,9";"987,1";"986,7";"2,1";"";"5,4";"1735,00";"0,0"
"04/08/2025";"2200";"31,2";"32,3";"31,2";"";"";"";"";"";"";"987,0";"987,0";"986,8";"1,7";"";"4,3";"787,70";"0,0"
"04/08/2025";"2300";"29,3";"31,2";"29,3";"";"";"";"";"";"";"987,6";"987,6";"986,9";"1,3";"";"3,0";"78,60";"0,0"
"05/08/2025";"0000";"27,7";"29,3";"27,7";"";"";"";"";"";"";"988,5";"988,5";"987,6";"0,4";"";"2,2";"";"0,0"
"05/08/2025";"0100";"25,1";"27,7";"25,1";"";"";"";"";"";"";"989,4";"989,5";"988,5";"0,1";"";"1,2";"";"0,0"
"05/08/2025";"0200";"25,7";"25,8";"24,4";"";"";"";"";"";"";"990,1";"990,1";"989,4";"0,8";"";"3,5";"";"0,0"
"05/08/2025";"0300";"25,3";"25,7";"25,2";"";"";"";"";"";"";"991,0";"991,0";"990,1";"1,3";"";"2,7";"";"0,0"
"05/08/2025";"0400";"24,6";"25,3";"24,6";"";"";"";"";"";"";"991,3";"991,3";"991,0";"0,4";"";"3,4";"";"0,0"
"05/08/2025";"0500";"24,1";"24,6";"24,1";"";"";"";"";"";"";"991,5";"991,6";"991,3";"0,3";"";"3,4";"";"0,0"
"05/08/2025";"0600";"23,3";"24,1";"23,3";"";"";"";"";"";"";"991,4";"991,5";"991,3";"0,2";"";"1,4";"";"0,0"
"05/08/2025";"0700";"22,8";"23,3";"22,6";"";"";"";"";"";"";"991,3";"991,5";"991,3";"0,1";"";"1,4";"";"0,0"
"05/08/2025";"0800";"22,3";"23,0";"22,3";"";"";"";"";"";"";"991,1";"991,4";"991,1";"0,2";"";"1,1";"";"0,0"
"05/08/2025";"0900";"22,4";"22,6";"22,3";"";"";"";"";"";"";"991,2";"991,2";"990,9";"0,0";"";"0,6";"";"0,0"
"05/08/2025";"1000";"22,6";"22,8";"22,4";"";"";"";"";"";"";"991,4";"991,4";"991,2";"0,7";"";"1,7";"";"0,0"
"05/08/2025";"1100";"22,5";"22,7";"22,5";"";"";"";"";"";"";"992,3";"992,3";"991,4";"0,9";"";"2,6";"";"0,0"
"05/08/2025";"1200";"22,8";"22,8";"22,5";"";"";"";"";"";"";"993,3";"993,3";"992,3";"1,3";"";"2,6";"58,20";"0,0"
"05/08/2025";"1300";"22,9";"23,1";"22,7";"";"";"";"";"";"";"994,7";"994,7";"993,3";"2,5";"";"5,7";"152,30";"0,0"
"05/08/2025";"1400";"23,1";"23,1";"22,5";"";"";"";"";"";"";"993,8";"994,8";"993,8";"1,3";"";"6,2";"431,70";"2,0"
"05/08/2025";"1500";"25,2";"25,2";"23,1";"";"";"";"";"";"";"994,0";"994,1";"993,6";"0,7";"";"4,2";"1338,00";"0,0"
"05/08/2025";"1600";"27,2";"27,2";"25,0";"";"";"";"";"";"";"993,6";"994,0";"993,6";"0,6";"";"2,6";"2192,10";"0,0"
"05/08/2025";"1700";"28,2";"28,9";"27,0";"";"";"";"";"";"";"992,8";"993,6";"992,8";"0,7";"";"2,9";"2512,00";"0,0"
"05/08/2025";"1800";"29,1";"29,5";"28,0";"";"";"";"";"";"";"991,2";"992,8";"991,2";"1,0";"";"2,6";"2373,80";"0,0"
"05/08/2025";"1900";"30,4";"31,4";"28,8";"";"";"";"";"";"";"990,0";"991,2";"990,0";"1,0";"";"3,7";"2620,50";"0,0"
"05/08/2025";"2000";"26,1";"30,4";"26,1";"";"";"";"";"";"";"989,5";"990,1";"989,5";"1,8";"";"7,0";"1309,80";"0,0"
"05/08/2025";"2100";"27,3";"28,2";"25,8";"";"";"";"";"";"";"989,3";"989,5";"988,8";"1,5";"";"3,9";"961,80";"0,0"
"05/08/2025";"2200";"23,1";"27,3";"22,8";"";"";"";"";"";"";"989,8";"990,0";"989,1";"1,6";"";"7,1";"137,40";"1,8"
"05/08/2025";"2300";"22,7";"23,4";"22,7";"";"";"";"";"";"";"990,6";"990,6";"989,7";"0,0";"";"3,5";"128,70";"0,0"
"06/08/2025";"0000";"22,3";"22,9";"22,3";"";"";"";"";"";"";"991,7";"991,7";"990,6";"0,4";"";"1,5";"3,10";"0,0"
"06/08/2025";"0100";"22,4";"22,8";"22,3";"";"";"";"";"";"";"992,3";"992,3";"991,7";"0,6";"";"2,0";"";"0,0"
"06/08/2025";"0200";"22,8";"22,9";"22,4";"";"";"";"";"";"";"993,4";"993,4";"992,3";"1,1";"";"2,0";"";"0,0"
"06/08/2025";"0300";"22,7";"22,9";"22,7";"";"";"";"";"";"";"993,8";"993,8";"993,4";"0,5";"";"2,6";"";"0,0"
"06/08/2025";"0400";"22,5";"22,8";"22,5";"";"";"";"";"";"";"993,8";"993,8";"993,6";"0,9";"";"2,6";"";"0,0"
"06/08/2025";"0500";"22,2";"22,5";"22,2";"";"";"";"";"";"";"993,5";"993,8";"993,4";"0,3";"";"2,2";"";"0,0"
"06/08/2025";"0600";"21,7";"22,2";"21,6";"";"";"";"";"";"";"993,1";"993,5";"993,0";"0,6";"";"1,5";"";"0,0"
"06/08/2025";"0700";"21,7";"21,7";"21,6";"";"";"";"";"";"";"992,4";"993,1";"992,4";"0,1";"";"1,3";"";"0,0"
"06/08/2025";"0800";"21,8";"22,0";"21,7";"";"";"";"";"";"";"992,1";"992,5";"992,1";"0,5";"";"1,1";"";"0,0"
"06/08/2025";"0900";"21,6";"22,0";"21,6";"";"";"";"";"";"";"992,3";"992,3";"992,1";"1,1";"";"2,7";"";"0,0"
"06/08/2025";"1000";"21,5";"21,7";"21,5";"";"";"";"";"";"";"992,6";"992,6";"992,2";"0,2";"";"1,9";"";"0,0"
"06/08/2025";"1100";"21,6";"21,6";"21,5";"";"";"";"";"";"";"993,5";"993,5";"992,6";"0,7";"";"2,1";"";"0,0"
"06/08/2025";"1200";"21,7";"21,8";"21,6";"";"";"";"";"";"";"994,5";"994,5";"993,6";"0,7";"";"1,6";"19,60";"0,2"
"06/08/2025";"1300";"22,1";"22,1";"21,7";"";"";"";"";"";"";"995,2";"995,2";"994,5";"0,2";"";"1,4";"97,10";"4,0"
"06/08/2025";"1400";"23,2";"23,2";"22,1";"";"";"";"";"";"";"995,8";"995,8";"995,2";"0,3";"";"2,1";"375,90";"1,4"
"06/08/2025";"1500";"24,0";"24,3";"23,1";"";"";"";"";"";"";"995,7";"995,9";"995,7";"1,2";"";"3,6";"991,90";"0,0"
"06/08/2025";"1600";"25,7";"25,7";"23,9";"";"";"";"";"";"";"995,1";"995,7";"995,1";"0,5";"";"2,7";"1118,80";"0,0"
"06/08/2025";"1700";"26,3";"26,3";"25,5";"";"";"";"";"";"";"994,3";"995,1";"994,3";"0,5";"";"1,9";"1076,60";"0,0"
"06/08/2025";"1800";"26,8";"27,5";"26,0";"";"";"";"";"";"";"993,3";"994,3";"993,3";"0,8";"";"2,3";"1610,40";"0,2"
"06/08/2025";"1900";"27,7";"28,8";"26,7";"";"";"";"";"";"";"991,7";"993,3";"991,7";"0,5";"";"2,7";"1561,30";"0,0"
"06/08/2025";"2000";"28,8";"30,3";"27,7";"";"";"";"";"";"";"990,4";"991,7";"990,4";"1,0";"";"3,1";"1813,40";"0,0"
"06/08/2025";"2100";"25,3";"30,5";"25,3";"";"";"";"";"";"";"989,8";"990,4";"989,8";"2,1";"";"4,5";"1357,90";"1,2"
"06/08/2025";"2200";"25,1";"25,4";"24,6";"";"";"";"";"";"";"989,8";"989,8";"989,6";"1,2";"";"3,7";"234,40";"0,8"
"06/08/2025";"2300";"24,4";"25,2";"24,4";"";"";"";"";"";"";"989,9";"989,9";"989,7";"0,6";"";"2,4";"56,50";"0,0"
"07/08/2025";"0000";"23,5";"24,4";"23,5";"";"";"";"";"";"";"989,9";"990,0";"989,9";"1,0";"";"1,6";"";"0,0"
"07/08/2025";"0100";"23,1";"23,9";"23,1";"";"";"";"";"";"";"990,3";"990,3";"989,9";"0,7";"";"2,2";"";"0,0"
"07/08/2025";"0200";"23,0";"23,4";"22,8";"";"";"";"";"";"";"990,7";"990,7";"990,3";"0,2";"";"1,2";"";"0,0"
"07/08/2025";"0300";"22,5";"23,3";"22,5";"";"";"";"";"";"";"990,8";"990,8";"990,7";"0,0";"";"1,0";"";"0,0"
"07/08/2025";"0400";"22,2";"22,5";"22,2";"";"";"";"";"";"";"990,6";"990,9";"990,6";"0,2";"";"1,1";"";"0,0"
"07/08/2025";"0500";"22,1";"22,3";"21,9";"";"";"";"";"";"";"990,1";"990,6";"990,1";"0,9";"";"1,8";"";"0,0"
"07/08/2025";"0600";"21,7";"22,2";"21,5";"";"";"";"";"";"";"989,5";"990,1";"989,5";"0,4";"";"1,8";"";"0,0"
"07/08/2025";"0700";"21,5";"21,8";"21,3";"";"";"";"";"";"";"988,9";"989,5";"988,9";"0,3";"";"1,2";"";"0,0"
"07/08/2025";"0800";"21,3";"21,5";"21,3";"";"";"";"";"";"";"988,6";"988,9";"988,6";"0,5";"";"1,2";"";"0,0"
"07/08/2025";"0900";"21,1";"21,3";"21,1";"";"";"";"";"";"";"988,7";"988,7";"988,6";"0,3";"";"1,8";"";"0,0"
"07/08/2025";"1000";"21,2";"21,2";"21,0";"";"";"";"";"";"";"988,9";"988,9";"988,7";"0,3";"";"1,4";"";"0,0"
"07/08/2025";"1100";"21,2";"21,2";"21,1";"";"";"";"";"";"";"989,3";"989,3";"988,8";"0,6";"";"1,9";"";"0,0"
"07/08/2025";"1200";"21,5";"21,6";"21,2";"";"";"";"";"";"";"989,9";"989,9";"989,3";"0,8";"";"1,9";"136,80";"0,0"
"07/08/2025";"1300";"23,7";"23,8";"21,5";"";"";"";"";"";"";"990,3";"990,3";"989,9";"0,8";"";"2,3";"846,70";"0,0"
"07/08/2025";"1400";"25,9";"26,1";"23,5";"";"";"";"";"";"";"990,8";"990,8";"990,3";"0,6";"";"2,3";"1772,80";"0,0"
"07/08/2025";"1500";"28,8";"28,8";"25,9";"";"";"";"";"";"";"990,9";"990,9";"990,8";"0,7";"";"2,3";"2454,00";"0,0"
"07/08/2025";"1600";"29,9";"29,9";"28,4";"";"";"";"";"";"";"990,2";"990,9";"990,2";"1,2";"";"3,7";"2909,40";"0,0"
"07/08/2025";"1700";"29,5";"30,6";"29,1";"";"";"";"";"";"";"989,4";"990,2";"989,4";"0,4";"";"4,0";"2630,00";"0,0"
"07/08/2025";"1800";"31,0";"31,8";"29,5";"";"";"";"";"";"";"988,4";"989,4";"988,4";"1,9";"";"3,9";"3509,40";"0,0"
"07/08/2025";"1900";"31,7";"31,9";"30,3";"";"";"";"";"";"";"987,6";"988,4";"987,6";"0,6";"";"3,9";"2162,20";"0,0"
"07/08/2025";"2000";"32,6";"32,8";"30,4";"";"";"";"";"";"";"986,8";"987,6";"986,8";"1,8";"";"3,7";"2184,60";"0,0"
"07/08/2025";"2100";"31,4";"32,6";"30,7";"";"";"";"";"";"";"986,3";"986,8";"986,3";"1,0";"";"3,7";"1667,70";"0,0"
"07/08/2025";"2200";"29,4";"31,5";"29,3";"";"";"";"";"";"";"986,2";"986,3";"986,1";"1,2";"";"3,5";"743,20";"0,0"
"07/08/2025";"2300";"28,2";"29,5";"28,2";"";"";"";"";"";"";"986,4";"986,4";"986,2";"0,3";"";"2,1";"45,90";"0,0"
"08/08/2025";"0000";"26,5";"28,2";"26,5";"";"";"";"";"";"";"987,0";"987,0";"986,4";"0,3";"";"0,9";"";"0,0"
"08/08/2025";"0100";"25,1";"26,7";"25,1";"";"";"";"";"";"";"987,3";"987,3";"987,0";"0,1";"";"1,5";"";"0,0"
"08/08/2025";"0200";"25,5";"26,2";"25,0";"";"";"";"";"";"";"988,0";"988,0";"987,3";"0,4";"";"1,0";"";"0,0"
"08/08/2025";"0300";"24,6";"25,5";"24,1";"";"";"";"";"";"";"988,3";"988,3";"988,0";"0,2";"";"1,1";"";"0,0"
"08/08/2025";"0400";"23,5";"24,6";"23,5";"";"";"";"";"";"";"988,2";"988,3";"988,2";"0,1";"";"1,0";"";"0,0"
"08/08/2025";"0500";"22,8";"23,5";"22,7";"";"";"";"";"";"";"988,3";"988,3";"988,2";"0,1";"";"0,7";"";"0,0"
"08/08/2025";"0600";"22,8";"22,9";"22,4";"";"";"";"";"";"";"988,0";"988,3";"988,0";"0,6";"";"1,2";"";"0,0"
"08/08/2025";"0700";"22,6";"22,8";"22,2";"";"";"";"";"";"";"987,9";"988,0";"987,8";"0,1";"";"1,1";"";"0,0"
"08/08/2025";"0800";"21,9";"22,6";"21,9";"";"";"";"";"";"";"987,8";"987,9";"987,8";"0,2";"";"0,7";"";"0,0"
"08/08/2025";"0900";"22,4";"22,4";"21,9";"";"";"";"";"";"";"987,7";"987,8";"987,7";"0,1";"";"0,7";"";"0,0"
"08/08/2025";"1000";"21,8";"22,5";"21,8";"";"";"";"";"";"";"988,2";"988,2";"987,7";"0,0";"";"0,6";"";"0,0"
"08/08/2025";"1100";"22,0";"22,0";"21,7";"";"";"";"";"";"";"988,8";"988,8";"988,2";"0,1";"";"0,5";"";"0,0"
"08/08/2025";"1200";"22,8";"22,8";"21,9";"";"";"";"";"";"";"989,6";"989,6";"988,8";"0,3";"";"0,9";"110,90";"0,0"
"08/08/2025";"1300";"27,6";"27,6";"22,8";"";"";"";"";"";"";"990,3";"990,3";"989,6";"0,5";"";"1,6";"1059,60";"0,0"
"08/08/2025";"1400";"29,3";"29,9";"27,6";"";"";"";"";"";"";"990,7";"990,7";"990,3";"1,2";"";"2,9";"2005,90";"0,0"
"08/08/2025";"1500";"29,8";"29,9";"29,2";"";"";"";"";"";"";"990,5";"990,7";"990,5";"1,1";"";"2,5";"1448,60";"0,0"
"08/08/2025";"1600";"31,3";"32,1";"29,8";"";"";"";"";"";"";"989,9";"990,5";"989,8";"1,4";"";"3,4";"2755,10";"0,0"
"08/08/2025";"1700";"32,3";"32,4";"30,5";"";"";"";"";"";"";"989,1";"989,9";"989,1";"1,5";"";"4,2";"2672,20";"0,0"
"08/08/2025";"1800";"32,0";"32,9";"31,5";"";"";"";"";"";"";"988,1";"989,1";"988,1";"2,5";"";"5,0";"2817,90";"0,0"
"08/08/2025";"1900";"31,6";"33,7";"31,5";"";"";"";"";"";"";"986,6";"988,1";"986,6";"1,5";"";"5,0";"2065,10";"0,0"
"08/08/2025";"2000";"33,1";"33,7";"31,0";"";"";"";"";"";"";"985,2";"986,6";"985,2";"0,9";"";"3,0";"1268,30";"0,0"
"08/08/2025";"2100";"30,9";"33,8";"29,9";"";"";"";"";"";"";"984,6";"985,2";"984,5";"1,3";"";"4,4";"804,90";"0,0"
"08/08/2025";"2200";"30,3";"30,9";"30,0";"";"";"";"";"";"";"984,8";"984,8";"984,5";"1,1";"";"4,4";"326,00";"0,0"
"08/08/2025";"2300";"27,8";"30,4";"27,8";"";"";"";"";"";"";"985,5";"985,5";"984,8";"0,1";"";"2,2";"58,60";"0,0"
"09/08/2025";"0000";"27,3";"27,8";"26,6";"";"";"";"";"";"";"986,6";"986,6";"985,5";"0,2";"";"0,7";"";"0,0"
"09/08/2025";"0100";"25,4";"27,4";"25,3";"";"";"";"";"";"";"987,5";"987,5";"986,6";"0,0";"";"0,8";"";"0,0"
"09/08/2025";"0200";"25,4";"25,9";"25,1";"";"";"";"";"";"";"988,1";"988,2";"987,4";"0,1";"";"1,1";"";"0,0"
"09/08/2025";"0300";"25,2";"25,4";"24,7";"";"";"";"";"";"";"988,4";"988,4";"988,1";"0,1";"";"1,0";"";"0,0"
"09/08/2025";"0400";"25,7";"25,8";"24,4";"";"";"";"";"";"";"989,0";"989,0";"988,3";"1,1";"";"1,9";"";"0,0"
"09/08/2025";"0500";"25,1";"25,7";"24,6";"";"";"";"";"";"";"989,0";"989,1";"988,9";"0,7";"";"1,9";"";"0,0"
"09/08/2025";"0600";"24,6";"25,3";"24,6";"";"";"";"";"";"";"988,4";"989,0";"988,4";"0,6";"";"1,4";"";"0,0"
"09/08/2025";"0700";"24,9";"25,1";"24,6";"";"";"";"";"";"";"988,4";"988,5";"988,0";"1,3";"";"2,4";"";"0,0"
"09/08/2025";"0800";"24,7";"24,9";"24,4";"";"";"";"";"";"";"988,3";"988,4";"988,3";"1,1";"";"2,4";"";"0,0"
"09/08/2025";"0900";"24,0";"24,8";"24,0";"";"";"";"";"";"";"988,6";"988,6";"988,2";"0,7";"";"2,1";"";"0,0"
"09/08/2025";"1000";"23,6";"24,5";"23,6";"";"";"";"";"";"";"989,3";"989,5";"988,6";"2,4";"";"5,4";"";"0,0"
"09/08/2025";"1100";"22,9";"23,6";"22,9";"";"";"";"";"";"";"989,9";"989,9";"989,3";"1,6";"";"5,0";"";"0,0"
"09/08/2025";"1200";"23,3";"23,3";"22,9";"";"";"";"";"";"";"991,0";"991,0";"989,9";"2,1";"";"4,8";"104,60";"0,0"
"09/08/2025";"1300";"24,6";"24,6";"23,3";"";"";"";"";"";"";"991,8";"991,8";"991,0";"3,1";"";"5,6";"712,50";"0,0"
"09/08/2025";"1400";"25,2";"25,3";"24,5";"";"";"";"";"";"";"992,5";"992,5";"991,8";"3,2";"";"7,0";"1219,70";"0,0"
"09/08/2025";"1500";"25,2";"25,3";"24,9";"";"";"";"";"";"";"992,8";"992,8";"992,5";"2,6";"";"6,9";"644,40";"0,0"
"09/08/2025";"1600";"25,6";"25,6";"24,4";"";"";"";"";"";"";"992,3";"992,8";"992,3";"2,4";"";"6,1";"1154,90";"0,0"
"09/08/2025";"1700";"25,2";"25,7";"24,8";"";"";"";"";"";"";"991,5";"992,4";"991,5";"1,9";"";"5,9";"691,30";"0,0"
"09/08/2025";"1800";"23,2";"25,4";"23,2";"";"";"";"";"";"";"990,8";"991,5";"990,7";"3,3";"";"6,5";"535,40";"0,4"
"09/08/2025";"1900";"21,9";"23,2";"21,5";"";"";"";"";"";"";"990,3";"990,7";"990,3";"2,4";"";"9,7";"230,00";"20,8"
"09/08/2025";"2000";"22,2";"22,2";"21,9";"";"";"";"";"";"";"989,6";"990,3";"989,5";"2,5";"";"5,9";"225,70";"1,0"
"09/08/2025";"2100";"22,4";"22,5";"22,2";"";"";"";"";"";"";"988,7";"989,5";"988,7";"2,2";"";"5,9";"418,10";"0,0"
"09/08/2025";"2200";"23,1";"23,1";"22,4";"";"";"";"";"";"";"988,9";"988,9";"988,6";"1,4";"";"4,8";"321,70";"0,0"
"09/08/2025";"2300";"22,9";"23,1";"22,9";"";"";"";"";"";"";"989,1";"989,1";"988,8";"1,7";"";"3,6";"79,20";"0,0"
"10/08/2025";"0000";"22,7";"22,9";"22,7";"";"";"";"";"";"";"990,0";"990,0";"989,1";"1,3";"";"3,3";"";"0,0"
"10/08/2025";"0100";"22,7";"22,7";"22,6";"";"";"";"";"";"";"991,1";"991,1";"989,8";"1,2";"";"3,6";"";"0,0"
"10/08/2025";"0200";"22,3";"22,7";"22,3";"";"";"";"";"";"";"991,9";"991,9";"991,1";"2,1";"";"5,2";"";"0,0"
"10/08/2025";"0300";"21,8";"22,3";"21,8";"";"";"";"";"";"";"991,9";"991,9";"991,7";"2,7";"";"5,4";"";"0,0"
"10/08/2025";"0400";"21,5";"21,8";"21,5";"";"";"";"";"";"";"992,0";"992,2";"991,9";"2,1";"";"5,2";"";"0,0"
"10/08/2025";"0500";"21,1";"21,5";"21,1";"";"";"";"";"";"";"991,9";"992,0";"991,9";"1,5";"";"5,5";"";"0,0"
"10/08/2025";"0600";"20,9";"21,1";"20,9";"";"";"";"";"";"";"991,8";"992,0";"991,8";"1,5";"";"4,2";"";"0,0"
"10/08/2025";"0700";"20,6";"20,9";"20,6";"";"";"";"";"";"";"991,6";"991,9";"991,6";"1,3";"";"3,2";"";"0,0"
"10/08/2025";"0800";"20,6";"20,6";"20,5";"";"";"";"";"";"";"991,6";"991,6";"991,4";"1,6";"";"3,2";"";"0,0"
"10/08/2025";"0900";"20,6";"20,6";"20,5";"";"";"";"";"";"";"991,8";"991,8";"991,6";"1,7";"";"3,9";"";"0,0"
"10/08/2025";"1000";"20,4";"20,6";"20,4";"";"";"";"";"";"";"992,2";"992,3";"991,8";"2,3";"";"5,1";"";"0,0"
"10/08/2025";"1100";"20,2";"20,4";"20,2";"";"";"";"";"";"";"992,9";"992,9";"992,2";"2,0";"";"4,5";"";"0,0"
"10/08/2025";"1200";"20,1";"20,2";"20,0";"";"";"";"";"";"";"993,0";"993,1";"992,9";"3,0";"";"5,9";"120,30";"0,0"
"10/08/2025";"1300";"21,4";"21,4";"20,1";"";"";"";"";"";"";"993,8";"993,8";"993,0";"2,5";"";"6,2";"984,10";"0,0"
"10/08/2025";"1400";"22,6";"22,8";"21,3";"";"";"";"";"";"";"994,4";"994,5";"993,8";"2,8";"";"5,9";"1723,90";"0,0"
"10/08/2025";"1500";"23,6";"23,7";"22,5";"";"";"";"";"";"";"994,2";"994,4";"994,2";"2,3";"";"5,6";"2364,60";"0,0"
"10/08/2025";"1600";"24,4";"25,2";"23,5";"";"";"";"";"";"";"993,8";"994,3";"993,8";"1,7";"";"5,3";"2853,60";"0,0"
"10/08/2025";"1700";"25,1";"26,3";"24,4";"";"";"";"";"";"";"993,2";"993,8";"993,2";"2,3";"";"4,6";"3358,00";"0,0"
"10/08/2025";"1800";"26,0";"26,3";"25,1";"";"";"";"";"";"";"992,2";"993,2";"992,2";"0,9";"";"4,4";"2241,20";"0,0"
"10/08/2025";"1900";"27,3";"27,6";"25,9";"";"";"";"";"";"";"990,7";"992,2";"990,7";"2,1";"";"4,2";"2245,90";"0,0"
"10/08/2025";"2000";"27,2";"28,1";"26,8";"";"";"";"";"";"";"989,8";"990,7";"989,8";"1,7";"";"4,6";"1811,30";"0,0"
"10/08/2025";"2100";"26,7";"27,2";"26,5";"";"";"";"";"";"";"989,7";"989,8";"989,7";"1,3";"";"4,4";"448,50";"0,0"
"10/08/2025";"2200";"26,7";"27,4";"26,7";"";"";"";"";"";"";"989,5";"989,7";"989,4";"1,9";"";"3,8";"733,10";"0,0"
"10/08/2025";"2300";"24,7";"26,9";"24,7";"";"";"";"";"";"";"990,0";"990,0";"989,5";"1,3";"";"3,8";"110,60";"0,0"
"11/08/2025";"0000";"23,6";"24,7";"23,6";"";"";"";"";"";"";"990,6";"990,6";"990,0";"1,1";"";"2,0";"";"0,0"
"11/08/2025";"0100";"23,6";"23,8";"23,0";"";"";"";"";"";"";"991,1";"991,1";"990,6";"0,8";"";"2,0";"";"0,0"
"11/08/2025";"0200";"22,3";"23,9";"22,2";"";"";"";"";"";"";"991,8";"991,8";"991,1";"0,2";"";"1,7";"";"0,0"
"11/08/2025";"0300";"22,6";"23,1";"22,3";"";"";"";"";"";"";"992,2";"992,2";"991,8";"1,3";"";"3,2";"";"0,0"
"11/08/2025";"0400";"21,4";"22,6";"21,3";"";"";"";"";"";"";"992,5";"992,5";"992,2";"0,8";"";"2,6";"";"0,0"
"11/08/2025";"0500";"21,2";"21,4";"21,1";"";"";"";"";"";"";"992,4";"992,6";"992,4";"0,1";"";"1,5";"";"0,0"
"11/08/2025";"0600";"21,7";"21,7";"21,2";"";"";"";"";"";"";"991,9";"992,4";"991,9";"1,1";"";"1,9";"";"0,0"
"11/08/2025";"0700";"22,0";"22,1";"21,7";"";"";"";"";"";"";"991,2";"991,9";"991,1";"1,3";"";"2,6";"";"0,0"
"11/08/2025";"0800";"22,0";"22,1";"21,9";"";"";"";"";"";"";"991,1";"991,2";"991,1";"1,5";"";"3,2";"";"0,0"
"11/08/2025";"0900";"22,1";"22,2";"22,0";"";"";"";"";"";"";"991,0";"991,2";"990,9";"1,6";"";"3,2";"";"0,0"
"11/08/2025";"1000";"22,0";"22,1";"22,0";"";"";"";"";"";"";"991,3";"991,3";"991,0";"0,9";"";"3,1";"";"0,0"
"11/08/2025";"1100";"21,8";"22,0";"21,7";"";"";"";"";"";"";"991,7";"991,7";"991,3";"1,7";"";"4,0";"";"0,0"
"11/08/2025";"1200";"21,9";"21,9";"21,7";"";"";"";"";"";"";"992,3";"992,3";"991,7";"1,7";"";"4,2";"121,80";"0,0"
"11/08/2025";"1300";"22,3";"22,4";"21,9";"";"";"";"";"";"";"993,1";"993,1";"992,3";"2,6";"";"5,1";"478,20";"0,0"
"11/08/2025";"1400";"23,6";"23,7";"22,3";"";"";"";"";"";"";"993,6";"993,6";"993,1";"1,9";"";"5,1";"871,80";"0,0"
"11/08/2025";"1500";"25,6";"25,6";"23,6";"";"";"";"";"";"";"993,6";"993,8";"993,6";"2,9";"";"6,1";"2134,10";"0,0"
"11/08/2025";"1600";"26,5";"26,9";"25,6";"";"";"";"";"";"";"993,0";"993,6";"993,0";"2,1";"";"6,0";"2415,20";"0,0"
"11/08/2025";"1700";"28,4";"28,4";"26,3";"";"";"";"";"";"";"992,3";"993,0";"992,3";"2,1";"";"5,1";"2479,90";"0,0"
"11/08/2025";"1800";"28,4";"29,0";"27,8";"";"";"";"";"";"";"991,4";"992,3";"991,4";"1,8";"";"4,6";"2856,20";"0,0"
"11/08/2025";"1900";"28,9";"30,3";"28,4";"";"";"";"";"";"";"990,2";"991,4";"990,2";"1,4";"";"4,4";"2339,00";"0,0"
"11/08/2025";"2000";"28,7";"29,1";"28,7";"";"";"";"";"";"";"989,5";"990,2";"989,5";"1,0";"";"3,6";"1186,80";"0,0"
"11/08/2025";"2100";"29,3";"29,4";"28,7";"";"";"";"";"";"";"988,9";"989,5";"988,9";"1,8";"";"3,8";"1302,10";"0,0"
"11/08/2025";"2200";"28,3";"29,5";"28,3";"";"";"";"";"";"";"988,5";"988,9";"988,5";"0,9";"";"3,8";"625,00";"0,0"
"11/08/2025";"2300";"26,6";"28,4";"26,6";"";"";"";"";"";"";"988,7";"988,7";"988,5";"0,6";"";"1,9";"75,90";"0,0"
"12/08/2025";"0000";"25,3";"26,6";"25,2";"";"";"";"";"";"";"989,1";"989,1";"988,7";"0,4";"";"1,1";"";"0,0"
"12/08/2025";"0100";"22,6";"25,3";"22,6";"";"";"";"";"";"";"989,8";"989,8";"989,1";"0,0";"";"0,7";"";"0,0"
"12/08/2025";"0200";"23,3";"23,4";"22,6";"";"";"";"";"";"";"990,3";"990,3";"989,8";"0,2";"";"0,7";"";"0,0"
"12/08/2025";"0300";"22,2";"23,4";"22,2";"";"";"";"";"";"";"990,5";"990,6";"990,3";"0,0";"";"0,7";"";"0,0"
"12/08/2025";"0400";"21,5";"22,4";"21,5";"";"";"";"";"";"";"990,6";"990,6";"990,5";"0,0";"";"0,4";"";"0,0"
"12/08/2025";"0500";"20,6";"21,6";"20,6";"";"";"";"";"";"";"990,4";"990,7";"990,4";"0,0";"";"0,5";"";"0,0"
"12/08/2025";"0600";"20,4";"20,9";"20,4";"";"";"";"";"";"";"989,9";"990,4";"989,9";"0,1";"";"0,7";"";"0,0"
"12/08/2025";"0700";"20,5";"20,6";"20,2";"";"";"";"";"";"";"989,5";"989,9";"989,5";"0,0";"";"0,7";"";"0,0"
"12/08/2025";"0800";"20,2";"20,6";"20,0";"";"";"";"";"";"";"989,4";"989,6";"989,4";"0,0";"";"1,1";"";"0,0"
"12/08/2025";"0900";"20,0";"20,3";"19,9";"";"";"";"";"";"";"989,3";"989,4";"989,3";"0,4";"";"1,0";"";"0,0"
"12/08/2025";"1000";"19,8";"20,2";"19,7";"";"";"";"";"";"";"989,5";"989,5";"989,3";"0,4";"";"1,2";"";"0,0"
"12/08/2025";"1100";"20,0";"20,0";"19,6";"";"";"";"";"";"";"990,1";"990,1";"989,5";"0,0";"";"1,2";"";"0,0"
"12/08/2025";"1200";"22,2";"22,2";"19,8";"";"";"";"";"";"";"990,6";"990,6";"990,1";"0,4";"";"1,3";"214,70";"0,0"
"12/08/2025";"1300";"24,3";"24,3";"22,2";"";"";"";"";"";"";"991,4";"991,4";"990,6";"0,5";"";"1,9";"975,90";"0,0"
"12/08/2025";"1400";"27,1";"27,1";"24,4";"";"";"";"";"";"";"991,5";"991,6";"991,4";"0,5";"";"2,1";"1742,50";"0,0"
"12/08/2025";"1500";"28,2";"28,3";"27,0";"";"";"";"";"";"";"991,4";"991,5";"991,3";"1,6";"";"3,3";"2441,30";"0,0"
"12/08/2025";"1600";"29,0";"29,4";"28,1";"";"";"";"";"";"";"990,9";"991,4";"990,9";"2,1";"";"5,0";"2891,60";"0,0"
"12/08/2025";"1700";"30,2";"31,0";"28,8";"";"";"";"";"";"";"990,1";"990,9";"990,1";"2,2";"";"4,9";"2613,30";"0,0"
"12/08/2025";"1800";"30,3";"30,3";"29,4";"";"";"";"";"";"";"989,1";"990,1";"989,1";"1,1";"";"4,9";"1680,40";"0,0"
"12/08/2025";"1900";"31,4";"32,1";"29,7";"";"";"";"";"";"";"987,9";"989,1";"987,9";"1,1";"";"5,1";"2408,00";"0,0"
"12/08/2025";"2000";"30,4";"32,4";"30,4";"";"";"";"";"";"";"986,9";"987,9";"986,9";"1,1";"";"3,1";"1888,90";"0,0"
"12/08/2025";"2100";"29,2";"30,4";"28,9";"";"";"";"";"";"";"986,4";"986,9";"986,4";"0,5";"";"1,9";"357,70";"0,0"
"12/08/2025";"2200";"30,1";"31,8";"29,2";"";"";"";"";"";"";"986,1";"986,4";"986,1";"0,3";"";"1,5";"590,70";"0,0"
"12/08/2025";"2300";"27,7";"30,5";"27,3";"";"";"";"";"";"";"986,2";"986,2";"986,0";"0,1";"";"1,0";"79,10";"0,0"
"13/08/2025";"0000";"26,4";"27,8";"25,7";"";"";"";"";"";"";"986,6";"986,6";"986,2";"0,1";"";"0,7";"";"0,0"
"13/08/2025";"0100";"24,8";"26,4";"24,5";"";"";"";"";"";"";"986,9";"986,9";"986,5";"0,3";"";"1,1";"";"0,0"
"13/08/2025";"0200";"23,4";"24,8";"23,4";"";"";"";"";"";"";"987,4";"987,4";"986,9";"0,0";"";"1,0";"";"0,0"
"13/08/2025";"0300";"23,3";"23,7";"22,9";"";"";"";"";"";"";"987,7";"987,7";"987,4";"0,0";"";"0,5";"";"0,0"
"13/08/2025";"0400";"23,0";"23,2";"22,3";"";"";"";"";"";"";"988,1";"988,1";"987,7";"0,3";"";"1,0";"";"0,0"
"13/08/2025";"0500";"22,2";"23,0";"22,0";"";"";"";"";"";"";"987,9";"988,1";"987,9";"0,1";"";"1,2";"";"0,0"
"13/08/2025";"0600";"22,1";"22,2";"21,7";"";"";"";"";"";"";"987,5";"987,9";"987,5";"0,1";"";"1,0";"";"0,0"
"13/08/2025";"0700";"21,4";"22,2";"21,4";"";"";"";"";"";"";"987,2";"987,6";"987,2";"0,0";"";"0,5";"";"0,0"
"13/08/2025";"0800";"20,8";"21,6";"20,8";"";"";"";"";"";"";"987,2";"987,3";"987,2";"0,2";"";"0,8";"";"0,0"
"13/08/2025";"0900";"20,6";"21,0";"20,6";"";"";"";"";"";"";"987,6";"987,6";"987,2";"0,0";"";"1,0";"";"0,0"
"13/08/2025";"1000";"20,7";"21,1";"20,6";"";"";"";"";"";"";"987,8";"987,8";"987,6";"0,0";"";"0,6";"";"0,0"
"13/08/2025";"1100";"20,5";"20,8";"20,4";"";"";"";"";"";"";"988,4";"988,4";"987,8";"0,0";"";"0,7";"";"0,0"
"13/08/2025";"1200";"22,7";"22,7";"20,4";"";"";"";"";"";"";"989,3";"989,3";"988,4";"0,2";"";"1,0";"217,50";"0,0"
"13/08/2025";"1300";"25,4";"25,7";"22,7";"";"";"";"";"";"";"990,4";"990,4";"989,3";"1,0";"";"2,3";"952,40";"0,0"
"13/08/2025";"1400";"28,7";"28,7";"25,4";"";"";"";"";"";"";"990,7";"990,7";"990,4";"1,1";"";"2,9";"1744,90";"0,0"
"13/08/2025";"1500";"29,4";"29,7";"28,3";"";"";"";"";"";"";"990,7";"990,8";"990,7";"1,3";"";"3,6";"2434,80";"0,0"
"13/08/2025";"1600";"31,1";"31,1";"28,6";"";"";"";"";"";"";"990,0";"990,7";"990,0";"1,3";"";"3,9";"2333,50";"0,0"
"13/08/2025";"1700";"32,3";"32,6";"30,3";"";"";"";"";"";"";"989,4";"990,0";"989,4";"1,3";"";"3,9";"3255,90";"0,0"
"13/08/2025";"1800";"33,2";"33,2";"31,1";"";"";"";"";"";"";"988,4";"989,4";"988,4";"1,5";"";"3,7";"3032,40";"0,0"
"13/08/2025";"1900";"33,6";"33,6";"30,9";"";"";"";"";"";"";"987,1";"988,4";"987,1";"1,2";"";"3,2";"2447,90";"0,0"
"13/08/2025";"2000";"31,7";"33,8";"31,7";"";"";"";"";"";"";"986,1";"987,1";"986,1";"1,6";"";"4,2";"2621,50";"0,0"
"13/08/2025";"2100";"32,3";"33,7";"31,7";"";"";"";"";"";"";"985,5";"986,1";"985,5";"1,0";"";"3,7";"1806,30";"0,0"
"13/08/2025";"2200";"31,3";"32,5";"31,1";"";"";"";"";"";"";"985,4";"985,5";"985,3";"0,2";"";"3,0";"714,90";"0,0"
"13/08/2025";"2300";"28,3";"31,6";"28,3";"";"";"";"";"";"";"985,8";"985,9";"985,4";"0,0";"";"1,0";"88,00";"0,0"
"14/08/2025";"0000";"28,0";"28,9";"27,3";"";"";"";"";"";"";"986,2";"986,2";"985,8";"0,1";"";"0,9";"";"0,0"
"14/08/2025";"0100";"25,9";"28,0";"25,9";"";"";"";"";"";"";"986,9";"986,9";"986,2";"0,0";"";"0,9";"";"0,0"
"14/08/2025";"0200";"25,5";"26,3";"25,1";"";"";"";"";"";"";"987,6";"987,6";"986,9";"0,3";"";"1,5";"";"0,0"
"14/08/2025";"0300";"25,2";"25,5";"24,5";"";"";"";"";"";"";"988,2";"988,2";"987,6";"0,1";"";"1,5";"";"0,0"
"14/08/2025";"0400";"24,7";"25,7";"24,7";"";"";"";"";"";"";"988,6";"988,6";"988,2";"0,1";"";"1,4";"";"0,0"
"14/08/2025";"0500";"23,2";"24,7";"23,2";"";"";"";"";"";"";"988,5";"988,8";"988,5";"0,0";"";"0,6";"";"0,0"
"14/08/2025";"0600";"22,5";"23,2";"22,4";"";"";"";"";"";"";"988,3";"988,5";"988,3";"0,2";"";"0,8";"";"0,0"
"14/08/2025";"0700";"22,3";"22,7";"22,3";"";"";"";"";"";"";"988,2";"988,4";"988,2";"0,4";"";"1,6";"";"0,0"
"14/08/2025";"0800";"22,4";"22,4";"22,0";"";"";"";"";"";"";"988,3";"988,3";"988,1";"0,2";"";"1,4";"";"0,0"
"14/08/2025";"0900";"22,2";"22,4";"22,0";"";"";"";"";"";"";"988,6";"988,6";"988,2";"0,0";"";"1,2";"";"0,0"
"14/08/2025";"1000";"22,4";"22,5";"22,1";"";"";"";"";"";"";"989,1";"989,1";"988,6";"0,1";"";"0,7";"";"0,0"
"14/08/2025";"1100";"22,1";"22,6";"22,1";"";"";"";"";"";"";"989,9";"989,9";"989,1";"0,0";"";"1,1";"";"0,0"
"14/08/2025";"1200";"24,4";"24,5";"22,0";"";"";"";"";"";"";"990,8";"990,8";"989,9";"0,2";"";"0,8";"192,00";"0,0"
"14/08/2025";"1300";"27,1";"27,1";"24,3";"";"";"";"";"";"";"991,4";"991,4";"990,8";"0,7";"";"2,0";"950,80";"0,0"
"14/08/2025";"1400";"28,0";"28,4";"26,9";"";"";"";"";"";"";"991,8";"991,8";"991,4";"1,1";"";"2,6";"1741,70";"0,0"
"14/08/2025";"1500";"30,6";"30,6";"27,9";"";"";"";"";"";"";"991,6";"991,9";"991,6";"0,8";"";"2,5";"2420,50";"0,0"
"14/08/2025";"1600";"30,1";"31,3";"30,0";"";"";"";"";"";"";"991,2";"991,6";"991,2";"1,7";"";"4,4";"2616,40";"0,0"
"14/08/2025";"1700";"31,7";"32,2";"29,9";"";"";"";"";"";"";"990,1";"991,2";"990,1";"2,3";"";"4,2";"2517,00";"0,0"
"14/08/2025";"1800";"32,0";"32,8";"31,1";"";"";"";"";"";"";"988,7";"990,1";"988,7";"2,4";"";"7,1";"3022,20";"0,0"
"14/08/2025";"1900";"32,5";"32,8";"32,0";"";"";"";"";"";"";"987,2";"988,7";"987,2";"2,6";"";"5,8";"2987,20";"0,0"
"14/08/2025";"2000";"31,7";"33,2";"31,6";"";"";"";"";"";"";"986,4";"987,2";"986,4";"2,7";"";"6,6";"1939,70";"0,0"
"14/08/2025";"2100";"32,7";"33,2";"31,7";"";"";"";"";"";"";"986,3";"986,4";"986,2";"1,9";"";"6,0";"1493,60";"0,0"
"14/08/2025";"2200";"30,4";"33,0";"30,4";"";"";"";"";"";"";"987,1";"987,1";"986,3";"2,5";"";"7,4";"712,50";"0,0"
"14/08/2025";"2300";"29,8";"30,4";"29,8";"";"";"";"";"";"";"987,3";"987,3";"987,0";"1,2";"";"5,0";"68,80";"0,0"
"15/08/2025";"0000";"26,6";"29,8";"26,6";"";"";"";"";"";"";"988,4";"988,4";"987,3";"1,5";"";"3,6";"";"0,0"
"15/08/2025";"0100";"25,1";"26,6";"25,1";"";"";"";"";"";"";"989,2";"989,2";"988,4";"0,9";"";"4,1";"";"0,0"
"15/08/2025";"0200";"24,7";"25,1";"24,6";"";"";"";"";"";"";"990,6";"990,6";"989,2";"1,3";"";"3,5";"";"0,0"
"15/08/2025";"0300";"23,9";"24,7";"23,9";"";"";"";"";"";"";"990,7";"990,8";"990,6";"1,0";"";"3,5";"";"0,0"
"15/08/2025";"0400";"23,3";"23,9";"23,2";"";"";"";"";"";"";"990,6";"990,8";"990,6";"0,9";"";"2,4";"";"0,0"
"15/08/2025";"0500";"22,9";"23,3";"22,9";"";"";"";"";"";"";"990,5";"990,7";"990,5";"0,7";"";"2,7";"";"0,0"
"15/08/2025";"0600";"22,6";"23,0";"22,5";"";"";"";"";"";"";"989,8";"990,5";"989,8";"0,6";"";"2,2";"";"0,0"
"15/08/2025";"0700";"22,4";"22,8";"22,4";"";"";"";"";"";"";"990,0";"990,2";"989,8";"0,4";"";"1,8";"";"0,0"
"15/08/2025";"0800";"22,8";"22,8";"22,4";"";"";"";"";"";"";"990,4";"990,4";"989,8";"0,9";"";"2,4";"";"0,0"
"15/08/2025";"0900";"22,2";"22,9";"22,2";"";"";"";"";"";"";"990,2";"990,5";"990,1";"0,2";"";"3,5";"";"0,0"
"15/08/2025";"1000";"21,8";"22,3";"21,8";"";"";"";"";"";"";"990,2";"990,2";"990,0";"0,2";"";"1,1";"";"0,0"
"15/08/2025";"1100";"21,8";"21,9";"21,7";"";"";"";"";"";"";"990,9";"990,9";"990,2";"0,4";"";"1,2";"";"0,0"
"15/08/2025";"1200";"22,9";"22,9";"21,7";"";"";"";"";"";"";"991,4";"991,4";"990,9";"0,3";"";"1,7";"181,50";"0,0"
"15/08/2025";"1300";"25,7";"25,8";"22,9";"";"";"";"";"";"";"992,1";"992,1";"991,4";"1,0";"";"3,3";"938,70";"0,0"
"15/08/2025";"1400";"27,4";"27,4";"25,5";"";"";"";"";"";"";"992,6";"992,7";"992,1";"1,3";"";"4,1";"1524,20";"0,0"
"15/08/2025";"1500";"27,5";"27,7";"26,5";"";"";"";"";"";"";"992,4";"992,6";"992,4";"1,7";"";"4,8";"1546,60";"0,0"
"15/08/2025";"1600";"29,1";"29,3";"27,5";"";"";"";"";"";"";"991,8";"992,4";"991,8";"2,0";"";"3,9";"2072,90";"0,0"
"15/08/2025";"1700";"29,5";"30,9";"28,8";"";"";"";"";"";"";"990,8";"991,8";"990,8";"2,0";"";"4,9";"2289,70";"0,0"
"15/08/2025";"1800";"27,7";"31,9";"27,5";"";"";"";"";"";"";"989,5";"990,8";"989,5";"0,8";"";"5,5";"2160,50";"0,2"
"15/08/2025";"1900";"25,3";"30,9";"25,3";"";"";"";"";"";"";"988,4";"989,5";"988,4";"1,3";"";"8,7";"1538,00";"1,2"
"15/08/2025";"2000";"27,1";"27,1";"24,5";"";"";"";"";"";"";"987,4";"988,4";"987,4";"0,5";"";"3,6";"686,00";"0,2"
"15/08/2025";"2100";"26,1";"27,4";"26,1";"";"";"";"";"";"";"986,8";"987,4";"986,8";"0,5";"";"1,9";"450,30";"0,0"
"15/08/2025";"2200";"25,5";"26,0";"25,5";"";"";"";"";"";"";"987,0";"987,1";"986,7";"0,7";"";"2,4";"180,70";"0,0"
"15/08/2025";"2300";"24,3";"25,6";"24,1";"";"";"";"";"";"";"987,7";"987,7";"987,0";"1,2";"";"2,5";"39,80";"0,0"
"16/08/2025";"0000";"23,9";"24,7";"23,8";"";"";"";"";"";"";"988,0";"988,0";"987,7";"1,1";"";"2,9";"";"0,0"
"16/08/2025";"0100";"24,3";"24,5";"23,9";"";"";"";"";"";"";"988,7";"988,7";"988,0";"1,7";"";"4,0";"";"0,0"
"16/08/2025";"0200";"23,2";"24,3";"23,2";"";"";"";"";"";"";"989,2";"989,2";"988,7";"0,7";"";"4,0";"";"0,0"
"16/08/2025";"0300";"22,9";"23,3";"22,8";"";"";"";"";"";"";"989,6";"989,6";"989,2";"0,9";"";"2,2";"";"0,0"
"16/08/2025";"0400";"22,4";"22,9";"22,4";"";"";"";"";"";"";"989,9";"989,9";"989,6";"0,6";"";"2,2";"";"0,0"
"16/08/2025";"0500";"22,3";"22,5";"22,2";"";"";"";"";"";"";"989,8";"990,0";"989,8";"0,5";"";"1,3";"";"0,0"
"16/08/2025";"0600";"22,2";"22,4";"22,1";"";"";"";"";"";"";"989,7";"989,8";"989,5";"0,4";"";"2,1";"";"0,0"
"16/08/2025";"0700";"22,1";"22,3";"22,0";"";"";"";"";"";"";"989,3";"989,7";"989,3";"0,9";"";"2,1";"";"0,0"
"16/08/2025";"0800";"21,8";"22,1";"21,7";"";"";"";"";"";"";"989,1";"989,3";"989,1";"0,4";"";"2,1";"";"0,0"
"16/08/2025";"0900";"21,9";"21,9";"21,6";"";"";"";"";"";"";"989,2";"989,2";"989,0";"0,2";"";"1,9";"";"0,0"
"16/08/2025";"1000";"21,5";"22,0";"21,5";"";"";"";"";"";"";"989,5";"989,5";"989,2";"0,4";"";"1,3";"";"0,0"
"16/08/2025";"1100";"21,4";"21,5";"21,3";"";"";"";"";"";"";"990,1";"990,1";"989,5";"0,7";"";"1,7";"";"0,0"
"16/08/2025";"1200";"22,2";"22,2";"21,4";"";"";"";"";"";"";"990,8";"990,8";"990,1";"0,6";"";"2,1";"159,40";"0,2"
"16/08/2025";"1300";"25,0";"25,1";"22,3";"";"";"";"";"";"";"991,3";"991,3";"990,8";"1,6";"";"3,3";"971,10";"0,0"
"16/08/2025";"1400";"26,4";"26,4";"24,6";"";"";"";"";"";"";"991,6";"991,6";"991,3";"2,2";"";"3,7";"1654,40";"0,0"
"16/08/2025";"1500";"28,3";"28,3";"26,4";"";"";"";"";"";"";"991,5";"991,6";"991,5";"1,8";"";"4,5";"2476,90";"0,0"
"16/08/2025";"1600";"30,3";"30,5";"28,0";"";"";"";"";"";"";"991,0";"991,5";"991,0";"1,9";"";"4,2";"2907,30";"0,0"
"16/08/2025";"1700";"31,5";"31,8";"29,7";"";"";"";"";"";"";"990,0";"991,0";"990,0";"0,7";"";"4,1";"2792,50";"0,0"
"16/08/2025";"1800";"33,2";"33,4";"31,3";"";"";"";"";"";"";"988,9";"990,0";"988,9";"1,1";"";"3,0";"3300,20";"0,0"
"16/08/2025";"1900";"32,5";"33,2";"30,5";"";"";"";"";"";"";"987,8";"988,9";"987,8";"0,4";"";"2,6";"1271,40";"0,0"
"16/08/2025";"2000";"32,8";"33,6";"32,2";"";"";"";"";"";"";"986,5";"987,8";"986,5";"1,3";"";"3,7";"2503,50";"0,0"
"16/08/2025";"2100";"31,0";"33,1";"31,0";"";"";"";"";"";"";"985,8";"986,5";"985,8";"1,2";"";"3,6";"533,10";"0,0"
"16/08/2025";"2200";"30,8";"31,6";"30,8";"";"";"";"";"";"";"985,5";"985,8";"985,5";"1,1";"";"3,4";"523,60";"0,0"
"16/08/2025";"2300";"28,1";"30,8";"28,1";"";"";"";"";"";"";"985,5";"985,6";"985,4";"0,1";"";"2,3";"64,80";"0,0"
"17/08/2025";"0000";"25,7";"28,2";"25,7";"";"";"";"";"";"";"986,1";"986,2";"985,5";"0,0";"";"0,6";"";"0,0"
"17/08/2025";"0100";"24,6";"25,7";"24,2";"";"";"";"";"";"";"986,8";"986,8";"986,1";"0,7";"";"1,3";"";"0,0"
"17/08/2025";"0200";"24,3";"25,2";"24,3";"";"";"";"";"";"";"987,5";"987,5";"986,8";"0,0";"";"1,1";"";"0,0"
"17/08/2025";"0300";"23,4";"24,3";"23,2";"";"";"";"";"";"";"988,0";"988,0";"987,5";"0,0";"";"0,7";"";"0,0"
"17/08/2025";"0400";"23,4";"23,8";"23,3";"";"";"";"";"";"";"988,4";"988,4";"988,0";"0,9";"";"2,2";"";"0,0"
"17/08/2025";"0500";"23,1";"23,6";"23,1";"";"";"";"";"";"";"988,2";"988,5";"988,2";"1,1";"";"2,8";"";"0,0"
"17/08/2025";"0600";"22,8";"23,4";"22,8";"";"";"";"";"";"";"987,8";"988,2";"987,8";"0,4";"";"2,1";"";"0,0"
"17/08/2025";"0700";"22,3";"22,8";"22,3";"";"";"";"";"";"";"987,7";"987,8";"987,7";"0,4";"";"1,9";"";"0,0"
"17/08/2025";"0800";"22,6";"22,7";"22,3";"";"";"";"";"";"";"988,0";"988,0";"987,7";"1,0";"";"2,2";"";"0,0"
"17/08/2025";"0900";"22,7";"22,8";"22,6";"";"";"";"";"";"";"988,1";"988,1";"987,9";"0,3";"";"2,2";"";"0,0"
"17/08/2025";"1000";"22,3";"22,7";"22,3";"";"";"";"";"";"";"988,7";"988,7";"988,1";"0,7";"";"1,8";"";"0,0"
"17/08/2025";"1100";"21,7";"22,3";"21,7";"";"";"";"";"";"";"989,1";"989,1";"988,7";"0,3";"";"1,8";"";"0,0"
"17/08/2025";"1200";"23,2";"23,2";"21,6";"";"";"";"";"";"";"990,1";"990,1";"989,1";"1,1";"";"2,0";"191,00";"0,0"
"17/08/2025";"1300";"26,1";"26,3";"23,2";"";"";"";"";"";"";"990,6";"990,6";"990,1";"1,8";"";"3,0";"917,10";"0,0"
"17/08/2025";"1400";"28,3";"28,4";"26,1";"";"";"";"";"";"";"990,9";"990,9";"990,6";"1,2";"";"3,7";"1636,80";"0,0"
"17/08/2025";"1500";"29,7";"30,0";"27,7";"";"";"";"";"";"";"990,9";"991,0";"990,8";"1,2";"";"3,3";"2098,10";"0,0"
"17/08/2025";"1600";"31,1";"31,1";"29,2";"";"";"";"";"";"";"990,4";"990,9";"990,4";"1,3";"";"4,0";"2440,00";"0,0"
"17/08/2025";"1700";"31,1";"32,3";"30,7";"";"";"";"";"";"";"989,7";"990,4";"989,7";"0,6";"";"3,3";"2305,90";"0,0"
"17/08/2025";"1800";"32,2";"33,1";"31,1";"";"";"";"";"";"";"988,6";"989,7";"988,6";"0,6";"";"3,8";"2835,70";"0,0"
"17/08/2025";"1900";"32,7";"32,8";"31,7";"";"";"";"";"";"";"987,1";"988,6";"987,1";"0,8";"";"3,3";"2151,80";"0,0"
"17/08/2025";"2000";"30,4";"32,9";"30,4";"";"";"";"";"";"";"986,3";"987,1";"986,3";"1,2";"";"3,8";"825,20";"0,0"
"17/08/2025";"2100";"27,9";"30,5";"27,9";"";"";"";"";"";"";"986,0";"986,3";"986,0";"1,0";"";"3,2";"331,70";"0,0"
"17/08/2025";"2200";"28,5";"28,5";"27,5";"";"";"";"";"";"";"986,2";"986,2";"985,9";"0,9";"";"2,3";"361,60";"0,0"
"17/08/2025";"2300";"27,0";"28,8";"27,0";"";"";"";"";"";"";"986,5";"986,6";"986,2";"0,0";"";"1,7";"117,50";"0,0"
"18/08/2025";"0000";"25,9";"27,0";"25,7";"";"";"";"";"";"";"986,7";"986,7";"986,4";"0,6";"";"1,4";"";"0,0"
"18/08/2025";"0100";"25,9";"26,1";"25,4";"";"";"";"";"";"";"987,4";"987,4";"986,6";"2,0";"";"4,2";"";"0,0"
"18/08/2025";"0200";"25,2";"26,0";"25,2";"";"";"";"";"";"";"988,2";"988,2";"987,4";"1,4";"";"4,8";"";"0,0"
"18/08/2025";"0300";"24,6";"25,2";"24,5";"";"";"";"";"";"";"989,1";"989,1";"988,2";"0,9";"";"3,2";"";"0,0"
"18/08/2025";"0400";"24,2";"25,0";"24,2";"";"";"";"";"";"";"989,5";"989,5";"989,1";"0,8";"";"3,2";"";"0,0"
"18/08/2025";"0500";"24,0";"24,2";"24,0";"";"";"";"";"";"";"989,0";"989,6";"989,0";"0,5";"";"2,0";"";"0,0"
"18/08/2025";"0600";"24,0";"24,0";"23,9";"";"";"";"";"";"";"988,5";"989,0";"988,5";"0,9";"";"2,0";"";"0,0"
"18/08/2025";"0700";"23,7";"24,0";"23,7";"";"";"";"";"";"";"988,1";"988,5";"988,0";"0,7";"";"2,5";"";"0,0"
"18/08/2025";"0800";"23,2";"23,7";"23,2";"";"";"";"";"";"";"988,2";"988,2";"988,1";"0,8";"";"2,0";"";"0,0"
"18/08/2025";"0900";"23,1";"23,2";"23,1";"";"";"";"";"";"";"988,7";"988,7";"988,1";"0,6";"";"1,9";"";"0,0"
"18/08/2025";"1000";"22,7";"23,1";"22,6";"";"";"";"";"";"";"988,8";"988,9";"988,6";"0,2";"";"1,7";"";"0,0"
"18/08/2025";"1100";"22,5";"22,7";"22,5";"";"";"";"";"";"";"989,4";"989,4";"988,8";"0,2";"";"2,0";"";"0,0"
"18/08/2025";"1200";"23,2";"23,2";"22,5";"";"";"";"";"";"";"990,0";"990,0";"989,4";"0,8";"";"2,1";"144,40";"0,0"
"18/08/2025";"1300";"25,9";"25,9";"23,2";"";"";"";"";"";"";"990,9";"990,9";"990,0";"0,9";"";"2,3";"865,20";"0,0"
"18/08/2025";"1400";"27,8";"28,0";"25,6";"";"";"";"";"";"";"991,5";"991,6";"990,9";"1,1";"";"3,7";"1785,50";"0,0"
"18/08/2025";"1500";"29,7";"30,3";"27,8";"";"";"";"";"";"";"991,4";"991,5";"991,4";"0,9";"";"3,0";"2482,70";"0,0"
"18/08/2025";"1600";"31,2";"31,7";"29,5";"";"";"";"";"";"";"990,9";"991,5";"990,9";"1,5";"";"4,0";"2960,20";"0,0"
"18/08/2025";"1700";"32,6";"32,6";"31,0";"";"";"";"";"";"";"990,3";"990,9";"990,3";"1,0";"";"3,8";"3114,50";"0,0"
"18/08/2025";"1800";"33,6";"33,8";"32,0";"";"";"";"";"";"";"989,4";"990,3";"989,4";"1,1";"";"4,0";"3280,20";"0,0"
"18/08/2025";"1900";"33,0";"34,2";"31,9";"";"";"";"";"";"";"988,4";"989,4";"988,4";"0,9";"";"3,6";"2205,70";"0,0"
"18/08/2025";"2000";"32,4";"33,9";"32,3";"";"";"";"";"";"";"987,7";"988,4";"987,6";"1,6";"";"3,1";"2073,70";"0,0"
"18/08/2025";"2100";"29,9";"32,4";"26,6";"";"";"";"";"";"";"987,3";"988,0";"987,3";"0,7";"";"6,9";"1006,60";"5,0"
"18/08/2025";"2200";"30,3";"30,7";"29,9";"";"";"";"";"";"";"987,1";"987,3";"987,0";"0,5";"";"2,3";"473,20";"0,0"
"18/08/2025";"2300";"27,5";"30,6";"27,4";"";"";"";"";"";"";"987,2";"987,2";"987,0";"0,1";"";"1,4";"78,10";"0,0"
"19/08/2025";"0000";"27,1";"27,5";"26,4";"";"";"";"";"";"";"987,5";"987,5";"987,2";"1,1";"";"1,9";"";"0,0"
"19/08/2025";"0100";"26,3";"27,4";"26,3";"";"";"";"";"";"";"988,2";"988,2";"987,5";"0,5";"";"2,4";"";"0,0"
"19/08/2025";"0200";"24,4";"26,3";"24,4";"";"";"";"";"";"";"989,1";"989,1";"988,2";"0,5";"";"3,6";"";"0,0"
"19/08/2025";"0300";"24,5";"24,8";"24,2";"";"";"";"";"";"";"989,6";"989,6";"989,1";"0,1";"";"1,5";"";"0,0"
"19/08/2025";"0400";"23,8";"24,5";"23,7";"";"";"";"";"";"";"989,4";"989,7";"989,4";"0,1";"";"0,8";"";"0,0"
"19/08/2025";"0500";"24,1";"24,2";"23,6";"";"";"";"";"";"";"989,1";"989,4";"989,0";"0,1";"";"0,6";"";"0,0"
"19/08/2025";"0600";"23,0";"24,2";"23,0";"";"";"";"";"";"";"988,4";"989,1";"988,4";"0,0";"";"0,9";"";"0,0"
"19/08/2025";"0700";"22,3";"23,0";"22,3";"";"";"";"";"";"";"987,7";"988,4";"987,7";"0,3";"";"0,8";"";"0,0"
"19/08/2025";"0800";"22,7";"23,1";"22,0";"";"";"";"";"";"";"987,5";"987,7";"987,4";"0,3";"";"1,1";"";"0,0"
"19/08/2025";"0900";"22,1";"22,8";"22,1";"";"";"";"";"";"";"987,3";"987,5";"987,3";"0,1";"";"1,7";"";"0,0"
"19/08/2025";"1000";"21,7";"22,2";"21,7";"";"";"";"";"";"";"987,8";"987,9";"987,3";"0,3";"";"1,0";"";"0,2"
"19/08/2025";"1100";"21,6";"21,9";"21,4";"";"";"";"";"";"";"988,3";"988,3";"987,8";"0,9";"";"1,6";"";"0,0"
"19/08/2025";"1200";"22,9";"22,9";"21,4";"";"";"";"";"";"";"989,1";"989,1";"988,3";"0,6";"";"1,9";"235,10";"0,0"
"19/08/2025";"1300";"27,1";"27,1";"22,9";"";"";"";"";"";"";"989,9";"989,9";"989,1";"0,6";"";"2,4";"999,10";"0,0"
"19/08/2025";"1400";"28,5";"28,9";"27,0";"";"";"";"";"";"";"990,6";"990,6";"989,9";"1,2";"";"3,6";"1826,70";"0,0"
"19/08/2025";"1500";"30,6";"30,8";"28,5";"";"";"";"";"";"";"990,6";"990,7";"990,6";"1,8";"";"3,6";"2555,90";"0,0"
"19/08/2025";"1600";"31,8";"31,8";"30,3";"";"";"";"";"";"";"990,0";"990,6";"990,0";"1,2";"";"3,8";"2694,30";"0,0"
"19/08/2025";"1700";"32,4";"33,4";"30,8";"";"";"";"";"";"";"989,0";"990,0";"989,0";"1,5";"";"3,4";"2544,70";"0,0"
"19/08/2025";"1800";"33,0";"33,9";"32,3";"";"";"";"";"";"";"987,8";"989,0";"987,8";"1,5";"";"4,6";"3216,10";"0,0"
"19/08/2025";"1900";"32,2";"34,2";"32,0";"";"";"";"";"";"";"986,8";"987,8";"986,8";"1,4";"";"5,5";"2155,80";"0,0"
"19/08/2025";"2000";"33,0";"34,3";"31,2";"";"";"";"";"";"";"985,7";"986,8";"985,7";"1,9";"";"4,7";"2192,00";"0,0"
"19/08/2025";"2100";"28,3";"33,0";"28,1";"";"";"";"";"";"";"985,3";"985,7";"985,3";"4,5";"";"8,7";"532,70";"0,0"
"19/08/2025";"2200";"28,7";"29,7";"27,7";"";"";"";"";"";"";"985,2";"985,5";"985,2";"0,1";"";"8,7";"254,30";"0,0"
"19/08/2025";"2300";"27,1";"29,0";"27,1";"";"";"";"";"";"";"985,4";"985,5";"985,2";"0,4";"";"2,3";"80,30";"0,0"
"20/08/2025";"0000";"26,3";"27,3";"26,2";"";"";"";"";"";"";"986,0";"986,0";"985,4";"0,7";"";"2,2";"";"0,0"
"20/08/2025";"0100";"25,9";"26,4";"25,5";"";"";"";"";"";"";"986,8";"986,8";"986,0";"0,5";"";"1,7";"";"0,0"
"20/08/2025";"0200";"25,3";"26,1";"25,3";"";"";"";"";"";"";"987,6";"987,6";"986,8";"0,3";"";"2,2";"";"0,0"
"20/08/2025";"0300";"24,6";"25,6";"24,6";"";"";"";"";"";"";"987,8";"987,8";"987,5";"0,5";"";"1,8";"";"0,0"
"20/08/2025";"0400";"24,2";"24,6";"24,0";"";"";"";"";"";"";"987,9";"988,0";"987,8";"0,8";"";"1,5";"";"0,0"
"20/08/2025";"0500";"25,1";"25,1";"24,1";"";"";"";"";"";"";"987,7";"988,0";"987,7";"0,9";"";"2,5";"";"0,0"
"20/08/2025";"0600";"24,8";"25,2";"24,7";"";"";"";"";"";"";"987,5";"987,7";"987,4";"0,7";"";"2,7";"";"0,0"
"20/08/2025";"0700";"24,9";"25,0";"24,5";"";"";"";"";"";"";"987,3";"987,5";"987,3";"0,7";"";"1,9";"";"0,0"
"20/08/2025";"0800";"24,3";"25,1";"24,3";"";"";"";"";"";"";"987,1";"987,3";"987,1";"0,3";"";"1,8";"";"0,0"
"20/08/2025";"0900";"24,0";"24,5";"23,9";"";"";"";"";"";"";"987,0";"987,3";"987,0";"0,3";"";"1,9";"";"0,0"
"20/08/2025";"1000";"23,3";"24,0";"23,3";"";"";"";"";"";"";"987,3";"987,3";"986,9";"0,2";"";"1,5";"";"0,0"
"20/08/2025";"1100";"22,9";"23,3";"22,9";"";"";"";"";"";"";"987,7";"987,7";"987,2";"0,3";"";"1,3";"";"0,0"
"20/08/2025";"1200";"25,6";"25,6";"22,9";"";"";"";"";"";"";"988,7";"988,7";"987,7";"0,2";"";"1,0";"305,20";"0,0"
"20/08/2025";"1300";"27,7";"27,9";"25,6";"";"";"";"";"";"";"989,6";"989,6";"988,7";"0,6";"";"1,9";"1073,50";"0,0"
"20/08/2025";"1400";"29,5";"29,9";"27,4";"";"";"";"";"";"";"990,2";"990,2";"989,6";"0,9";"";"2,5";"1852,20";"0,0"
"20/08/2025";"1500";"31,4";"31,9";"29,4";"";"";"";"";"";"";"990,1";"990,3";"990,1";"1,1";"";"3,1";"2461,50";"0,0"
"20/08/2025";"1600";"33,1";"33,5";"30,9";"";"";"";"";"";"";"989,3";"990,1";"989,3";"1,4";"";"5,0";"2994,30";"0,0"
"20/08/2025";"1700";"33,3";"33,6";"31,5";"";"";"";"";"";"";"988,5";"989,3";"988,5";"1,5";"";"5,0";"2799,40";"0,0"
"20/08/2025";"1800";"32,9";"33,8";"32,0";"";"";"";"";"";"";"987,3";"988,5";"987,3";"1,5";"";"3,4";"2250,70";"0,0"
"20/08/2025";"1900";"30,6";"34,0";"30,6";"";"";"";"";"";"";"985,9";"987,3";"985,9";"1,9";"";"3,8";"1602,60";"0,0"
"20/08/2025";"2000";"26,4";"31,1";"26,4";"";"";"";"";"";"";"985,3";"985,9";"985,2";"2,2";"";"5,1";"544,50";"0,0"
"20/08/2025";"2100";"25,1";"26,4";"24,9";"";"";"";"";"";"";"985,1";"985,4";"984,8";"1,9";"";"7,4";"192,60";"0,2"
"20/08/2025";"2200";"25,5";"25,5";"24,8";"";"";"";"";"";"";"984,9";"985,4";"984,7";"0,0";"";"3,6";"60,30";"0,0"
"20/08/2025";"2300";"26,2";"26,2";"25,4";"";"";"";"";"";"";"984,6";"985,1";"984,5";"1,0";"";"3,4";"29,40";"0,0"
"21/08/2025";"0000";"25,2";"26,2";"24,7";"";"";"";"";"";"";"985,7";"985,7";"984,6";"0,0";"";"5,2";"";"0,0"
"21/08/2025";"0100";"24,5";"25,5";"24,4";"";"";"";"";"";"";"986,1";"986,1";"985,5";"0,6";"";"3,0";"";"0,0"
"21/08/2025";"0200";"24,4";"24,7";"24,2";"";"";"";"";"";"";"986,7";"986,7";"986,1";"0,6";"";"3,3";"";"0,0"
"21/08/2025";"0300";"23,7";"24,4";"23,6";"";"";"";"";"";"";"987,4";"987,4";"986,7";"0,0";"";"1,9";"";"0,0"
"21/08/2025";"0400";"23,2";"23,7";"23,1";"";"";"";"";"";"";"988,2";"988,2";"987,4";"0,0";"";"1,4";"";"0,0"
"21/08/2025";"0500";"23,4";"23,5";"23,2";"";"";"";"";"";"";"987,5";"988,2";"987,5";"0,0";"";"1,1";"";"0,0"
"21/08/2025";"0600";"22,9";"23,4";"22,8";"";"";"";"";"";"";"987,1";"987,5";"987,0";"0,1";"";"1,8";"";"0,0"
"21/08/2025";"0700";"22,9";"23,0";"22,8";"";"";"";"";"";"";"986,5";"987,1";"986,5";"0,0";"";"1,5";"";"0,0"
"21/08/2025";"0800";"22,4";"22,9";"22,3";"";"";"";"";"";"";"986,6";"986,8";"986,5";"0,0";"";"1,4";"";"0,0"
"21/08/2025";"0900";"22,4";"22,5";"22,1";"";"";"";"";"";"";"986,6";"986,7";"986,5";"0,0";"";"1,0";"";"0,0"
"21/08/2025";"1000";"22,4";"22,5";"22,2";"";"";"";"";"";"";"987,1";"987,1";"986,6";"0,0";"";"0,4";"";"0,2"
"21/08/2025";"1100";"22,2";"22,5";"22,2";"";"";"";"";"";"";"987,6";"987,6";"987,1";"0,0";"";"0,3";"";"0,0"
"21/08/2025";"1200";"24,5";"24,5";"22,3";"";"";"";"";"";"";"988,1";"988,1";"987,6";"0,0";"";"1,2";"266,40";"0,0"
"21/08/2025";"1300";"27,1";"27,1";"24,5";"";"";"";"";"";"";"988,9";"988,9";"988,1";"0,8";"";"2,0";"1052,70";"0,0"
"21/08/2025";"1400";"29,7";"29,9";"26,8";"";"";"";"";"";"";"989,2";"989,2";"988,9";"0,3";"";"2,6";"1848,00";"0,0"
"21/08/2025";"1500";"31,8";"32,2";"29,7";"";"";"";"";"";"";"989,3";"989,4";"989,2";"0,9";"";"2,9";"2541,50";"0,0"
"21/08/2025";"1600";"32,9";"32,9";"31,4";"";"";"";"";"";"";"988,6";"989,3";"988,6";"1,5";"";"4,8";"3037,30";"0,0"
"21/08/2025";"1700";"34,0";"34,1";"32,5";"";"";"";"";"";"";"987,7";"988,6";"987,7";"1,6";"";"4,8";"3398,40";"0,0"
"21/08/2025";"1800";"34,6";"35,0";"32,6";"";"";"";"";"";"";"986,3";"987,7";"986,3";"1,1";"";"3,8";"3113,80";"0,0"
"21/08/2025";"1900";"34,9";"35,0";"33,7";"";"";"";"";"";"";"984,8";"986,3";"984,8";"1,5";"";"3,9";"3067,70";"0,0"
"21/08/2025";"2000";"34,5";"36,0";"33,9";"";"";"";"";"";"";"983,8";"984,8";"983,8";"1,6";"";"4,1";"2427,80";"0,0"
"21/08/2025";"2100";"34,7";"35,0";"34,0";"";"";"";"";"";"";"982,9";"983,8";"982,9";"0,9";"";"4,1";"1753,50";"0,0"
"21/08/2025";"2200";"32,7";"34,7";"32,7";"";"";"";"";"";"";"982,9";"982,9";"982,8";"0,5";"";"2,8";"480,00";"0,0"
"21/08/2025";"2300";"30,0";"32,9";"30,0";"";"";"";"";"";"";"983,0";"983,0";"982,8";"0,5";"";"1,5";"79,30";"0,0"
"22/08/2025";"0000";"28,1";"30,0";"28,1";"";"";"";"";"";"";"983,5";"983,5";"983,0";"0,5";"";"2,4";"";"0,0"
"22/08/2025";"0100";"26,8";"28,1";"26,4";"";"";"";"";"";"";"984,2";"984,2";"983,5";"0,3";"";"1,3";"";"0,0"
"22/08/2025";"0200";"26,1";"27,1";"25,9";"";"";"";"";"";"";"985,5";"985,5";"984,2";"0,0";"";"1,7";"";"0,0"
"22/08/2025";"0300";"25,5";"26,5";"25,5";"";"";"";"";"";"";"985,8";"986,0";"985,5";"0,0";"";"0,6";"";"0,0"
"22/08/2025";"0400";"25,6";"26,0";"25,2";"";"";"";"";"";"";"986,2";"986,2";"985,8";"0,3";"";"1,6";"";"0,0"
"22/08/2025";"0500";"25,3";"25,6";"24,7";"";"";"";"";"";"";"985,9";"986,2";"985,9";"0,4";"";"1,1";"";"0,0"
"22/08/2025";"0600";"24,3";"25,4";"24,3";"";"";"";"";"";"";"985,5";"985,9";"985,5";"0,0";"";"1,9";"";"0,0"
"22/08/2025";"0700";"24,2";"24,5";"24,0";"";"";"";"";"";"";"985,3";"985,6";"985,2";"0,0";"";"0,4";"";"0,0"
"22/08/2025";"0800";"23,4";"24,2";"23,3";"";"";"";"";"";"";"984,9";"985,3";"984,9";"0,2";"";"0,7";"";"0,0"
"22/08/2025";"0900";"23,2";"23,7";"23,2";"";"";"";"";"";"";"985,1";"985,1";"984,7";"0,0";"";"1,0";"";"0,0"
"22/08/2025";"1000";"23,1";"23,4";"23,0";"";"";"";"";"";"";"985,6";"985,6";"985,1";"0,1";"";"1,0";"";"0,0"
"22/08/2025";"1100";"23,1";"23,2";"22,9";"";"";"";"";"";"";"986,4";"986,4";"985,6";"0,1";"";"1,2";"1,20";"0,0"
"22/08/2025";"1200";"24,3";"24,3";"23,1";"";"";"";"";"";"";"987,6";"987,6";"986,4";"0,6";"";"1,6";"126,00";"0,0"
"22/08/2025";"1300";"26,3";"26,4";"24,3";"";"";"";"";"";"";"988,6";"988,7";"987,6";"1,3";"";"2,9";"583,90";"0,0"
"22/08/2025";"1400";"29,2";"29,2";"26,3";"";"";"";"";"";"";"988,7";"988,9";"988,6";"1,8";"";"4,9";"1616,10";"0,0"
"22/08/2025";"1500";"30,3";"30,7";"28,4";"";"";"";"";"";"";"988,8";"988,8";"988,6";"1,8";"";"4,5";"2267,80";"0,0"
"22/08/2025";"1600";"32,0";"32,0";"29,9";"";"";"";"";"";"";"988,4";"988,8";"988,4";"1,9";"";"4,5";"2889,80";"0,0"
"22/08/2025";"1700";"33,1";"33,7";"31,3";"";"";"";"";"";"";"987,7";"988,5";"987,7";"1,6";"";"4,5";"3004,80";"0,0"
"22/08/2025";"1800";"34,0";"34,3";"32,5";"";"";"";"";"";"";"986,3";"987,7";"986,3";"2,2";"";"4,9";"3160,20";"0,0"
"22/08/2025";"1900";"34,2";"34,3";"31,5";"";"";"";"";"";"";"984,4";"986,3";"984,4";"1,8";"";"6,5";"2808,30";"0,0"
"22/08/2025";"2000";"33,4";"34,2";"31,8";"";"";"";"";"";"";"983,9";"984,4";"983,9";"1,9";"";"7,5";"2433,70";"0,0"
"22/08/2025";"2100";"31,2";"33,9";"31,2";"";"";"";"";"";"";"983,5";"983,9";"983,3";"1,1";"";"4,5";"1415,80";"0,0"
"22/08/2025";"2200";"29,7";"31,6";"29,6";"";"";"";"";"";"";"983,9";"984,1";"983,4";"1,4";"";"4,0";"470,50";"0,0"
"22/08/2025";"2300";"28,0";"29,7";"28,0";"";"";"";"";"";"";"984,1";"984,1";"983,8";"1,3";"";"3,9";"74,20";"0,0"
"23/08/2025";"0000";"26,8";"28,0";"26,6";"";"";"";"";"";"";"985,8";"985,9";"984,0";"0,2";"";"3,7";"";"0,0"
"23/08/2025";"0100";"26,3";"26,9";"25,7";"";"";"";"";"";"";"986,1";"986,2";"985,8";"0,9";"";"2,2";"";"0,0"
"23/08/2025";"0200";"25,8";"26,5";"25,5";"";"";"";"";"";"";"986,4";"986,4";"986,1";"1,1";"";"2,5";"";"0,0"
"23/08/2025";"0300";"25,3";"25,9";"25,3";"";"";"";"";"";"";"987,1";"987,2";"986,4";"1,6";"";"4,5";"";"0,0"
"23/08/2025";"0400";"24,7";"25,3";"24,7";"";"";"";"";"";"";"987,5";"987,6";"987,1";"1,4";"";"4,2";"";"0,0"
"23/08/2025";"0500";"24,5";"24,7";"24,5";"";"";"";"";"";"";"987,3";"987,5";"987,2";"1,0";"";"3,5";"";"0,0"
"23/08/2025";"0600";"24,1";"24,5";"24,0";"";"";"";"";"";"";"986,8";"987,3";"986,8";"0,9";"";"2,4";"";"0,0"
"23/08/2025";"0700";"23,8";"24,1";"23,8";"";"";"";"";"";"";"986,5";"986,8";"986,4";"0,9";"";"3,6";"";"0,0"
"23/08/2025";"0800";"23,2";"23,8";"23,1";"";"";"";"";"";"";"987,0";"987,0";"986,4";"0,5";"";"2,9";"";"0,0"
"23/08/2025";"0900";"22,8";"23,2";"22,8";"";"";"";"";"";"";"986,6";"987,0";"986,6";"0,7";"";"2,6";"";"0,0"
"23/08/2025";"1000";"22,7";"22,8";"22,7";"";"";"";"";"";"";"986,9";"986,9";"986,6";"0,2";"";"1,8";"";"0,0"
"23/08/2025";"1100";"22,7";"22,8";"22,6";"";"";"";"";"";"";"987,5";"987,5";"986,9";"0,0";"";"1,1";"4,60";"0,0"
"23/08/2025";"1200";"23,7";"23,7";"22,6";"";"";"";"";"";"";"988,7";"988,7";"987,5";"0,1";"";"1,5";"197,10";"0,0"
"23/08/2025";"1300";"27,5";"27,8";"23,7";"";"";"";"";"";"";"989,7";"989,7";"988,7";"1,2";"";"2,8";"974,50";"0,0"
"23/08/2025";"1400";"28,8";"28,8";"27,0";"";"";"";"";"";"";"990,2";"990,2";"989,7";"1,0";"";"2,4";"1231,80";"0,0"
"23/08/2025";"1500";"31,0";"31,0";"28,6";"";"";"";"";"";"";"990,1";"990,3";"990,1";"1,5";"";"3,4";"1993,10";"0,0"
"23/08/2025";"1600";"32,6";"32,9";"30,8";"";"";"";"";"";"";"989,5";"990,1";"989,5";"1,9";"";"4,7";"2928,80";"0,0"
"23/08/2025";"1700";"32,8";"33,6";"31,9";"";"";"";"";"";"";"988,7";"989,5";"988,7";"2,6";"";"6,4";"3121,30";"0,0"
"23/08/2025";"1800";"33,0";"34,2";"31,9";"";"";"";"";"";"";"987,1";"988,7";"987,1";"3,2";"";"6,5";"3017,30";"0,0"
"23/08/2025";"1900";"33,6";"33,8";"32,4";"";"";"";"";"";"";"985,8";"987,1";"985,8";"2,7";"";"7,3";"2820,80";"0,0"
"23/08/2025";"2000";"31,9";"33,6";"31,6";"";"";"";"";"";"";"985,1";"985,8";"985,1";"2,5";"";"6,7";"2009,30";"0,0"
"23/08/2025";"2100";"32,0";"32,6";"31,8";"";"";"";"";"";"";"984,5";"985,1";"984,4";"2,3";"";"6,8";"1782,40";"0,0"
"23/08/2025";"2200";"31,1";"32,0";"31,1";"";"";"";"";"";"";"985,2";"985,2";"984,3";"1,2";"";"5,0";"527,10";"0,0"
"23/08/2025";"2300";"29,6";"31,1";"29,6";"";"";"";"";"";"";"986,3";"986,4";"985,2";"0,6";"";"3,2";"176,60";"0,0"
"24/08/2025";"0000";"27,0";"29,6";"27,0";"";"";"";"";"";"";"986,7";"986,7";"986,2";"1,4";"";"6,3";"";"0,0"
"24/08/2025";"0100";"25,6";"27,0";"25,6";"";"";"";"";"";"";"987,4";"987,4";"986,7";"0,5";"";"2,6";"";"0,0"
"24/08/2025";"0200";"25,3";"25,9";"25,2";"";"";"";"";"";"";"987,9";"988,0";"987,4";"0,1";"";"1,2";"";"0,0"
"24/08/2025";"0300";"25,5";"25,5";"24,8";"";"";"";"";"";"";"988,6";"988,6";"987,9";"1,2";"";"2,3";"";"0,0"
"24/08/2025";"0400";"24,9";"25,5";"24,9";"";"";"";"";"";"";"988,8";"988,9";"988,6";"0,9";"";"2,6";"";"0,0"
"24/08/2025";"0500";"24,0";"24,9";"24,0";"";"";"";"";"";"";"988,8";"988,9";"988,6";"0,7";"";"1,8";"";"0,0"
"24/08/2025";"0600";"23,5";"24,0";"23,5";"";"";"";"";"";"";"988,7";"988,8";"988,5";"0,4";"";"2,2";"";"0,0"
"24/08/2025";"0700";"22,4";"23,5";"22,3";"";"";"";"";"";"";"987,9";"988,7";"987,9";"0,0";"";"1,3";"";"0,0"
"24/08/2025";"0800";"22,0";"22,9";"22,0";"";"";"";"";"";"";"987,9";"987,9";"987,7";"0,6";"";"1,5";"";"0,0"
"24/08/2025";"0900";"22,5";"22,6";"22,0";"";"";"";"";"";"";"987,8";"987,9";"987,8";"0,4";"";"1,5";"";"0,0"
"24/08/2025";"1000";"21,8";"22,7";"21,8";"";"";"";"";"";"";"988,2";"988,2";"987,8";"0,3";"";"1,4";"";"0,0"
"24/08/2025";"1100";"22,4";"22,5";"21,8";"";"";"";"";"";"";"989,0";"989,0";"988,2";"0,6";"";"1,2";"1,00";"0,0"
"24/08/2025";"1200";"24,3";"24,3";"22,4";"";"";"";"";"";"";"989,8";"989,8";"989,0";"1,3";"";"2,3";"285,20";"0,0"
"24/08/2025";"1300";"25,7";"25,7";"24,3";"";"";"";"";"";"";"990,5";"990,5";"989,8";"1,3";"";"2,7";"935,30";"0,0"
"24/08/2025";"1400";"28,5";"28,5";"25,7";"";"";"";"";"";"";"991,0";"991,0";"990,5";"1,2";"";"3,1";"1622,30";"0,0"
"24/08/2025";"1500";"29,9";"29,9";"27,6";"";"";"";"";"";"";"991,3";"991,4";"991,0";"1,5";"";"3,2";"2144,20";"0,0"
"24/08/2025";"1600";"30,9";"31,1";"29,7";"";"";"";"";"";"";"990,6";"991,3";"990,6";"1,2";"";"4,0";"3059,70";"0,0"
"24/08/2025";"1700";"32,8";"33,2";"30,6";"";"";"";"";"";"";"989,4";"990,6";"989,4";"1,2";"";"3,1";"3184,50";"0,0"
"24/08/2025";"1800";"31,9";"33,0";"31,7";"";"";"";"";"";"";"987,6";"989,4";"987,6";"1,1";"";"4,2";"1839,60";"0,0"
"24/08/2025";"1900";"23,3";"34,2";"23,3";"";"";"";"";"";"";"987,4";"987,6";"986,9";"3,9";"";"7,8";"1117,70";"9,6"
"24/08/2025";"2000";"23,9";"23,9";"22,7";"";"";"";"";"";"";"986,1";"987,4";"986,1";"0,7";"";"8,0";"323,90";"9,6"
"24/08/2025";"2100";"26,6";"26,6";"23,9";"";"";"";"";"";"";"985,7";"986,1";"985,6";"0,7";"";"2,1";"684,60";"0,0"
"24/08/2025";"2200";"25,7";"28,0";"25,7";"";"";"";"";"";"";"985,7";"985,7";"985,5";"0,1";"";"1,8";"528,00";"0,0"
"24/08/2025";"2300";"24,6";"26,1";"24,5";"";"";"";"";"";"";"985,9";"985,9";"985,7";"0,9";"";"2,2";"61,20";"0,0"
"25/08/2025";"0000";"23,8";"24,7";"23,8";"";"";"";"";"";"";"987,0";"987,0";"985,9";"0,4";"";"2,1";"";"0,0"
"25/08/2025";"0100";"23,8";"24,0";"23,6";"";"";"";"";"";"";"987,6";"987,6";"987,0";"0,0";"";"1,0";"";"0,0"
"25/08/2025";"0200";"23,9";"24,3";"23,6";"";"";"";"";"";"";"988,4";"988,4";"987,6";"0,1";"";"0,8";"";"0,0"
"25/08/2025";"0300";"23,8";"23,9";"23,2";"";"";"";"";"";"";"989,1";"989,2";"988,4";"0,6";"";"1,4";"";"0,0"
"25/08/2025";"0400";"23,1";"23,7";"23,1";"";"";"";"";"";"";"989,7";"989,7";"989,1";"0,2";"";"1,5";"";"0,0"
"25/08/2025";"0500";"23,3";"23,5";"23,0";"";"";"";"";"";"";"989,5";"989,8";"989,5";"0,1";"";"1,1";"";"0,0"
"25/08/2025";"0600";"23,1";"23,3";"22,8";"";"";"";"";"";"";"988,9";"989,5";"988,8";"0,2";"";"1,1";"";"0,0"
"25/08/2025";"0700";"23,2";"23,4";"23,0";"";"";"";"";"";"";"988,9";"989,0";"988,8";"0,6";"";"2,0";"";"0,0"
"25/08/2025";"0800";"23,2";"23,2";"22,9";"";"";"";"";"";"";"988,9";"989,0";"988,7";"1,1";"";"2,1";"";"0,0"
"25/08/2025";"0900";"23,0";"23,2";"23,0";"";"";"";"";"";"";"989,2";"989,2";"988,8";"1,1";"";"2,5";"";"0,0"
"25/08/2025";"1000";"22,8";"23,0";"22,7";"";"";"";"";"";"";"989,7";"989,7";"989,2";"2,3";"";"4,4";"";"0,0"
"25/08/2025";"1100";"22,8";"22,8";"22,7";"";"";"";"";"";"";"990,4";"990,4";"989,7";"1,6";"";"5,0";"0,60";"0,0"
"25/08/2025";"1200";"22,9";"22,9";"22,8";"";"";"";"";"";"";"991,5";"991,5";"990,4";"2,4";"";"5,5";"55,90";"0,0"
"25/08/2025";"1300";"22,8";"23,1";"22,7";"";"";"";"";"";"";"992,3";"992,3";"991,5";"2,8";"";"6,6";"198,60";"0,0"
"25/08/2025";"1400";"23,2";"23,4";"22,7";"";"";"";"";"";"";"992,8";"992,8";"992,3";"2,4";"";"6,0";"539,60";"0,0"
"25/08/2025";"1500";"23,1";"24,1";"22,3";"";"";"";"";"";"";"993,4";"993,4";"992,8";"3,1";"";"7,0";"927,40";"0,0"
"25/08/2025";"1600";"22,4";"23,3";"22,0";"";"";"";"";"";"";"993,4";"993,6";"993,4";"3,1";"";"6,2";"833,20";"0,0"
"25/08/2025";"1700";"23,4";"24,4";"22,3";"";"";"";"";"";"";"992,7";"993,4";"992,7";"3,1";"";"6,4";"1637,00";"0,0"
"25/08/2025";"1800";"23,7";"23,7";"22,9";"";"";"";"";"";"";"991,9";"992,7";"991,9";"2,7";"";"6,7";"1326,60";"0,0"
"25/08/2025";"1900";"22,8";"23,9";"22,8";"";"";"";"";"";"";"991,0";"991,9";"991,0";"3,3";"";"5,8";"1026,40";"0,0"
"25/08/2025";"2000";"22,7";"23,3";"22,7";"";"";"";"";"";"";"989,8";"991,0";"989,8";"2,8";"";"5,5";"696,80";"0,0"
"25/08/2025";"2100";"22,4";"22,7";"22,2";"";"";"";"";"";"";"989,6";"989,8";"989,6";"2,3";"";"5,4";"429,20";"0,0"
"25/08/2025";"2200";"22,3";"22,5";"22,2";"";"";"";"";"";"";"989,2";"989,6";"989,2";"2,2";"";"4,9";"269,00";"0,0"
"25/08/2025";"2300";"21,7";"22,3";"21,7";"";"";"";"";"";"";"989,6";"989,6";"989,2";"1,5";"";"4,3";"55,20";"0,0"
"26/08/2025";"0000";"20,6";"21,7";"20,3";"";"";"";"";"";"";"990,3";"990,3";"989,6";"1,8";"";"3,0";"";"0,0"
"26/08/2025";"0100";"20,1";"20,6";"20,0";"";"";"";"";"";"";"990,9";"990,9";"990,3";"1,9";"";"3,4";"";"0,0"
"26/08/2025";"0200";"19,4";"20,1";"19,4";"";"";"";"";"";"";"991,7";"991,7";"990,9";"1,0";"";"3,4";"";"0,0"
"26/08/2025";"0300";"18,8";"19,4";"18,8";"";"";"";"";"";"";"992,4";"992,4";"991,7";"1,0";"";"2,4";"";"0,0"
"26/08/2025";"0400";"18,6";"18,8";"18,5";"";"";"";"";"";"";"993,0";"993,0";"992,4";"0,2";"";"2,0";"";"0,0"
"26/08/2025";"0500";"19,0";"19,0";"18,5";"";"";"";"";"";"";"992,8";"993,1";"992,8";"1,1";"";"2,1";"";"0,0"
"26/08/2025";"0600";"19,1";"19,3";"18,8";"";"";"";"";"";"";"992,3";"992,8";"992,3";"1,2";"";"2,3";"";"0,0"
"26/08/2025";"0700";"19,4";"19,4";"19,1";"";"";"";"";"";"";"992,2";"992,4";"992,2";"1,1";"";"2,6";"";"0,0"
"26/08/2025";"0800";"19,5";"19,6";"19,4";"";"";"";"";"";"";"991,8";"992,2";"991,7";"1,7";"";"3,8";"";"0,0"
"26/08/2025";"0900";"19,5";"19,5";"19,4";"";"";"";"";"";"";"991,9";"991,9";"991,7";"1,5";"";"3,9";"";"0,0"
"26/08/2025";"1000";"19,2";"19,6";"19,2";"";"";"";"";"";"";"992,8";"992,8";"991,9";"1,6";"";"3,8";"";"0,0"
"26/08/2025";"1100";"18,9";"19,3";"18,9";"";"";"";"";"";"";"993,6";"993,6";"992,8";"1,7";"";"3,1";"";"0,0"
"26/08/2025";"1200";"19,5";"19,5";"18,9";"";"";"";"";"";"";"994,9";"994,9";"993,6";"2,2";"";"4,6";"235,50";"0,0"
"26/08/2025";"1300";"20,3";"20,3";"19,4";"";"";"";"";"";"";"995,5";"995,5";"994,9";"3,4";"";"7,8";"1012,30";"0,0"
"26/08/2025";"1400";"22,0";"22,0";"20,3";"";"";"";"";"";"";"996,0";"996,0";"995,5";"3,3";"";"9,7";"1771,60";"0,0"
"26/08/2025";"1500";"23,8";"23,9";"21,7";"";"";"";"";"";"";"996,0";"996,1";"995,9";"2,5";"";"6,6";"2093,40";"0,0"
"26/08/2025";"1600";"25,2";"25,2";"23,7";"";"";"";"";"";"";"995,2";"996,0";"995,2";"3,0";"";"6,9";"2954,80";"0,0"
"26/08/2025";"1700";"26,4";"26,4";"25,0";"";"";"";"";"";"";"994,2";"995,2";"994,2";"3,0";"";"6,1";"3268,10";"0,0"
"26/08/2025";"1800";"27,0";"27,4";"26,0";"";"";"";"";"";"";"993,1";"994,2";"993,1";"3,4";"";"7,7";"3256,40";"0,0"
"26/08/2025";"1900";"27,6";"28,0";"26,7";"";"";"";"";"";"";"992,0";"993,1";"992,0";"2,6";"";"6,5";"2902,50";"0,0"
"26/08/2025";"2000";"27,1";"28,2";"27,0";"";"";"";"";"";"";"991,2";"992,1";"991,2";"2,5";"";"6,8";"1925,20";"0,0"
"26/08/2025";"2100";"27,0";"27,7";"26,7";"";"";"";"";"";"";"991,0";"991,2";"991,0";"1,7";"";"5,4";"847,40";"0,0"
"26/08/2025";"2200";"26,2";"27,0";"26,2";"";"";"";"";"";"";"991,1";"991,1";"991,0";"1,8";"";"4,6";"354,50";"0,0"
"26/08/2025";"2300";"24,8";"26,3";"24,8";"";"";"";"";"";"";"991,2";"991,2";"991,0";"1,2";"";"4,5";"109,80";"0,0"
"27/08/2025";"0000";"23,1";"24,9";"23,1";"";"";"";"";"";"";"991,8";"991,8";"991,2";"1,0";"";"2,5";"";"0,0"
"27/08/2025";"0100";"21,9";"23,3";"21,6";"";"";"";"";"";"";"992,2";"992,2";"991,7";"0,7";"";"2,2";"";"0,0"
"27/08/2025";"0200";"21,7";"22,0";"21,5";"";"";"";"";"";"";"992,7";"992,7";"992,2";"0,8";"";"2,3";"";"0,0"
"27/08/2025";"0300";"20,7";"21,9";"20,6";"";"";"";"";"";"";"993,2";"993,2";"992,7";"0,4";"";"2,2";"";"0,0"
"27/08/2025";"0400";"21,1";"21,1";"20,4";"";"";"";"";"";"";"993,4";"993,5";"993,2";"0,9";"";"2,0";"";"0,0"
"27/08/2025";"0500";"20,1";"21,2";"20,1";"";"";"";"";"";"";"992,8";"993,4";"992,8";"1,1";"";"2,8";"";"0,0"
"27/08/2025";"0600";"20,5";"20,7";"19,7";"";"";"";"";"";"";"992,3";"992,8";"992,3";"1,6";"";"3,2";"";"0,0"
"27/08/2025";"0700";"20,5";"20,8";"20,4";"";"";"";"";"";"";"992,1";"992,3";"992,1";"1,3";"";"3,2";"";"0,0"
"27/08/2025";"0800";"19,9";"20,5";"19,5";"";"";"";"";"";"";"992,2";"992,2";"992,1";"0,8";"";"2,6";"";"0,0"
"27/08/2025";"0900";"19,9";"20,2";"19,8";"";"";"";"";"";"";"992,2";"992,3";"992,1";"1,4";"";"3,6";"";"0,0"
"27/08/2025";"1000";"19,5";"19,9";"19,5";"";"";"";"";"";"";"993,0";"993,0";"992,2";"1,3";"";"3,4";"";"0,0"
"27/08/2025";"1100";"19,3";"19,5";"19,3";"";"";"";"";"";"";"993,8";"993,8";"993,0";"1,5";"";"3,4";"";"0,0"
"27/08/2025";"1200";"20,3";"20,3";"19,3";"";"";"";"";"";"";"994,3";"994,4";"993,8";"2,0";"";"4,9";"261,00";"0,0"
"27/08/2025";"1300";"22,4";"22,5";"20,3";"";"";"";"";"";"";"995,2";"995,2";"994,3";"2,8";"";"5,7";"1200,30";"0,0"
"27/08/2025";"1400";"25,2";"25,2";"22,4";"";"";"";"";"";"";"995,3";"995,3";"995,0";"2,6";"";"5,3";"1926,80";"0,0"
"27/08/2025";"1500";"26,8";"27,4";"25,0";"";"";"";"";"";"";"995,0";"995,4";"995,0";"2,7";"";"5,6";"2616,10";"0,0"
"27/08/2025";"1600";"28,0";"28,2";"26,8";"";"";"";"";"";"";"994,1";"995,1";"994,1";"1,9";"";"7,1";"3099,40";"0,0"
"27/08/2025";"1700";"29,8";"29,9";"28,0";"";"";"";"";"";"";"993,2";"994,2";"993,2";"2,0";"";"6,4";"3244,90";"0,0"
"27/08/2025";"1800";"30,5";"30,5";"29,1";"";"";"";"";"";"";"992,1";"993,2";"992,1";"2,5";"";"7,0";"3255,70";"0,0"
"27/08/2025";"1900";"31,0";"31,5";"30,1";"";"";"";"";"";"";"991,0";"992,1";"991,0";"2,8";"";"5,9";"2972,90";"0,0"
"27/08/2025";"2000";"31,4";"31,9";"30,4";"";"";"";"";"";"";"990,3";"991,0";"990,3";"1,2";"";"5,8";"2383,40";"0,0"
"27/08/2025";"2100";"30,6";"31,3";"30,6";"";"";"";"";"";"";"990,1";"990,3";"990,1";"1,7";"";"4,6";"1668,00";"0,0"
"27/08/2025";"2200";"29,9";"30,8";"29,9";"";"";"";"";"";"";"990,1";"990,1";"990,0";"1,6";"";"3,7";"582,40";"0,0"
"27/08/2025";"2300";"27,8";"29,9";"27,8";"";"";"";"";"";"";"990,3";"990,3";"990,1";"0,3";"";"2,8";"113,20";"0,0"
"28/08/2025";"0000";"25,2";"27,8";"25,2";"";"";"";"";"";"";"990,8";"990,8";"990,3";"0,0";"";"0,9";"";"0,0"
"28/08/2025";"0100";"24,2";"25,2";"24,2";"";"";"";"";"";"";"991,4";"991,4";"990,8";"0,1";"";"0,5";"";"0,0"
"28/08/2025";"0200";"22,6";"24,2";"22,6";"";"";"";"";"";"";"991,6";"991,6";"991,4";"0,0";"";"0,4";"";"0,0"
"28/08/2025";"0300";"22,4";"22,8";"22,4";"";"";"";"";"";"";"992,1";"992,1";"991,6";"0,0";"";"0,3";"";"0,0"
"28/08/2025";"0400";"21,8";"22,6";"21,7";"";"";"";"";"";"";"992,3";"992,4";"992,1";"0,0";"";"0,3";"";"0,0"
"28/08/2025";"0500";"21,4";"21,9";"21,3";"";"";"";"";"";"";"992,1";"992,3";"992,1";"0,0";"";"0,3";"";"0,0"
"28/08/2025";"0600";"21,5";"22,0";"21,1";"";"";"";"";"";"";"992,0";"992,1";"992,0";"0,6";"";"1,4";"";"0,0"
"28/08/2025";"0700";"20,7";"21,5";"20,7";"";"";"";"";"";"";"991,6";"992,0";"991,6";"0,0";"";"1,4";"";"0,0"
"28/08/2025";"0800";"20,3";"20,7";"20,1";"";"";"";"";"";"";"991,8";"991,8";"991,6";"0,2";"";"1,2";"";"0,0"
"28/08/2025";"0900";"19,5";"20,3";"19,5";"";"";"";"";"";"";"992,4";"992,4";"991,8";"0,9";"";"1,3";"";"0,0"
"28/08/2025";"1000";"19,5";"19,7";"19,5";"";"";"";"";"";"";"992,9";"992,9";"992,4";"0,7";"";"2,0";"";"0,0"
"28/08/2025";"1100";"19,5";"19,6";"19,2";"";"";"";"";"";"";"993,5";"993,5";"992,9";"0,1";"";"1,5";"0,50";"0,0"
"28/08/2025";"1200";"21,7";"21,7";"19,5";"";"";"";"";"";"";"994,1";"994,1";"993,5";"0,3";"";"1,9";"230,10";"0,0"
"28/08/2025";"1300";"25,3";"25,7";"21,8";"";"";"";"";"";"";"994,6";"994,6";"994,1";"0,6";"";"2,1";"814,60";"0,0"
"28/08/2025";"1400";"27,6";"27,9";"25,3";"";"";"";"";"";"";"994,7";"994,7";"994,6";"1,3";"";"2,6";"1843,60";"0,0"
"28/08/2025";"1500";"29,8";"29,8";"27,2";"";"";"";"";"";"";"994,4";"994,7";"994,4";"1,6";"";"3,4";"2540,90";"0,0"
"28/08/2025";"1600";"31,3";"31,7";"29,6";"";"";"";"";"";"";"993,4";"994,4";"993,4";"1,8";"";"5,1";"3020,60";"0,0"
"28/08/2025";"1700";"31,7";"31,9";"30,6";"";"";"";"";"";"";"992,4";"993,4";"992,4";"2,4";"";"6,5";"3247,80";"0,0"
"28/08/2025";"1800";"33,0";"33,1";"31,5";"";"";"";"";"";"";"991,3";"992,4";"991,3";"1,7";"";"6,5";"3283,50";"0,0"
"28/08/2025";"1900";"33,1";"34,2";"31,4";"";"";"";"";"";"";"990,2";"991,4";"990,2";"1,6";"";"5,0";"2428,60";"0,0"
"28/08/2025";"2000";"32,5";"33,7";"31,7";"";"";"";"";"";"";"989,3";"990,2";"989,3";"1,3";"";"4,3";"1723,30";"0,0"
"28/08/2025";"2100";"32,4";"34,1";"32,1";"";"";"";"";"";"";"988,6";"989,3";"988,6";"1,5";"";"4,9";"1751,70";"0,0"
"28/08/2025";"2200";"31,4";"32,5";"31,4";"";"";"";"";"";"";"988,3";"988,6";"988,3";"1,4";"";"4,3";"601,30";"0,0"
"28/08/2025";"2300";"30,0";"31,4";"30,0";"";"";"";"";"";"";"988,3";"988,3";"988,2";"0,9";"";"3,4";"112,20";"0,0"
"29/08/2025";"0000";"26,8";"30,0";"26,8";"";"";"";"";"";"";"988,6";"988,6";"988,3";"0,2";"";"1,7";"";"0,0"
"29/08/2025";"0100";"25,1";"26,8";"25,1";"";"";"";"";"";"";"989,1";"989,1";"988,6";"0,2";"";"1,4";"";"0,0"
"29/08/2025";"0200";"24,2";"25,3";"24,0";"";"";"";"";"";"";"989,4";"989,4";"989,1";"0,0";"";"0,6";"";"0,0"
"29/08/2025";"0300";"23,2";"24,4";"23,1";"";"";"";"";"";"";"989,4";"989,4";"989,3";"0,1";"";"0,7";"";"0,0"
"29/08/2025";"0400";"23,0";"23,5";"22,8";"";"";"";"";"";"";"989,4";"989,4";"989,3";"0,0";"";"0,6";"";"0,0"
"29/08/2025";"0500";"22,0";"23,0";"22,0";"";"";"";"";"";"";"989,1";"989,4";"989,1";"0,1";"";"0,7";"";"0,0"
"29/08/2025";"0600";"22,7";"22,7";"21,7";"";"";"";"";"";"";"988,6";"989,1";"988,6";"0,2";"";"0,7";"";"0,0"
"29/08/2025";"0700";"21,5";"22,7";"21,4";"";"";"";"";"";"";"988,1";"988,6";"988,1";"0,0";"";"0,7";"";"0,0"
"29/08/2025";"0800";"20,8";"21,7";"20,8";"";"";"";"";"";"";"987,8";"988,1";"987,8";"0,3";"";"0,8";"";"0,0"
"29/08/2025";"0900";"20,2";"20,8";"20,2";"";"";"";"";"";"";"988,0";"988,0";"987,7";"0,3";"";"0,8";"";"0,0"
"29/08/2025";"1000";"19,9";"20,2";"19,8";"";"";"";"";"";"";"988,4";"988,4";"988,0";"0,4";"";"1,6";"";"0,0"
"29/08/2025";"1100";"20,0";"20,2";"19,8";"";"";"";"";"";"";"989,2";"989,2";"988,4";"0,5";"";"1,2";"0,70";"0,0"
"29/08/2025";"1200";"22,4";"22,4";"19,9";"";"";"";"";"";"";"990,0";"990,0";"989,2";"0,3";"";"1,2";"219,30";"0,0"
"29/08/2025";"1300";"26,5";"26,5";"22,4";"";"";"";"";"";"";"990,7";"990,7";"990,0";"0,5";"";"1,9";"839,50";"0,0"
"29/08/2025";"1400";"29,8";"29,8";"26,5";"";"";"";"";"";"";"991,0";"991,0";"990,7";"0,8";"";"2,3";"1889,60";"0,0"
"29/08/2025";"1500";"32,0";"32,1";"29,7";"";"";"";"";"";"";"990,7";"991,0";"990,7";"0,8";"";"3,0";"2584,80";"0,0"
"29/08/2025";"1600";"31,8";"33,5";"31,0";"";"";"";"";"";"";"990,2";"990,7";"990,2";"1,4";"";"3,9";"2754,60";"0,0"
"29/08/2025";"1700";"32,0";"34,1";"31,6";"";"";"";"";"";"";"989,3";"990,2";"989,3";"1,4";"";"3,6";"2594,00";"0,0"
"29/08/2025";"1800";"33,8";"34,4";"32,0";"";"";"";"";"";"";"988,4";"989,3";"988,4";"1,3";"";"3,5";"2558,90";"0,0"
"29/08/2025";"1900";"34,9";"35,7";"33,5";"";"";"";"";"";"";"987,2";"988,4";"987,2";"1,3";"";"4,2";"3175,00";"0,0"
"29/08/2025";"2000";"34,5";"35,7";"33,0";"";"";"";"";"";"";"986,1";"987,2";"986,1";"1,6";"";"4,4";"2321,70";"0,0"
"29/08/2025";"2100";"33,9";"35,0";"31,7";"";"";"";"";"";"";"985,7";"986,1";"985,7";"0,9";"";"3,6";"1438,30";"0,0"
"29/08/2025";"2200";"31,7";"33,9";"31,7";"";"";"";"";"";"";"985,6";"985,7";"985,6";"1,8";"";"3,8";"520,40";"0,0"
"29/08/2025";"2300";"29,2";"31,7";"29,1";"";"";"";"";"";"";"985,8";"985,8";"985,6";"0,7";"";"3,3";"107,70";"0,0"
"30/08/2025";"0000";"27,4";"29,2";"27,4";"";"";"";"";"";"";"986,2";"986,2";"985,8";"0,2";"";"1,6";"";"0,0"
"30/08/2025";"0100";"26,4";"27,4";"26,4";"";"";"";"";"";"";"986,5";"986,5";"986,2";"0,3";"";"1,1";"";"0,0"
"30/08/2025";"0200";"25,6";"26,4";"25,6";"";"";"";"";"";"";"987,2";"987,2";"986,5";"0,4";"";"1,2";"";"0,0"
"30/08/2025";"0300";"25,3";"26,2";"25,2";"";"";"";"";"";"";"987,7";"987,7";"987,2";"0,3";"";"1,1";"";"0,0"
"30/08/2025";"0400";"25,7";"25,7";"25,2";"";"";"";"";"";"";"987,8";"987,9";"987,7";"0,9";"";"2,4";"";"0,0"
"30/08/2025";"0500";"25,4";"26,0";"25,3";"";"";"";"";"";"";"987,5";"987,8";"987,5";"0,4";"";"2,4";"";"0,0"
"30/08/2025";"0600";"25,1";"25,5";"24,5";"";"";"";"";"";"";"987,1";"987,5";"987,1";"1,5";"";"3,9";"";"0,0"
"30/08/2025";"0700";"24,4";"25,1";"24,3";"";"";"";"";"";"";"986,9";"987,1";"986,7";"1,4";"";"3,9";"";"0,0"
"30/08/2025";"0800";"23,8";"24,4";"23,8";"";"";"";"";"";"";"986,6";"987,0";"986,6";"1,0";"";"3,7";"";"0,0"
"30/08/2025";"0900";"22,9";"23,8";"22,9";"";"";"";"";"";"";"986,8";"986,8";"986,5";"0,8";"";"3,2";"";"0,0"
"30/08/2025";"1000";"22,4";"22,9";"22,4";"";"";"";"";"";"";"987,2";"987,2";"986,7";"0,0";"";"2,5";"";"0,0"
"30/08/2025";"1100";"22,0";"22,4";"21,9";"";"";"";"";"";"";"987,7";"987,7";"987,1";"0,5";"";"1,4";"0,60";"0,0"
"30/08/2025";"1200";"23,9";"23,9";"22,0";"";"";"";"";"";"";"988,5";"988,5";"987,7";"0,8";"";"2,3";"224,40";"0,0"
"30/08/2025";"1300";"26,9";"26,9";"23,9";"";"";"";"";"";"";"988,9";"988,9";"988,5";"1,1";"";"2,7";"814,00";"0,0"
"30/08/2025";"1400";"29,4";"29,7";"26,9";"";"";"";"";"";"";"989,3";"989,4";"988,9";"1,4";"";"4,4";"1868,00";"0,0"
"30/08/2025";"1500";"31,3";"31,3";"29,4";"";"";"";"";"";"";"989,2";"989,5";"989,2";"2,0";"";"5,9";"2573,10";"0,0"
"30/08/2025";"1600";"32,8";"33,2";"31,3";"";"";"";"";"";"";"988,5";"989,2";"988,5";"2,0";"";"5,9";"3043,20";"0,0"
"30/08/2025";"1700";"34,0";"34,2";"32,6";"";"";"";"";"";"";"987,8";"988,5";"987,7";"2,0";"";"4,7";"3271,70";"0,0"
"30/08/2025";"1800";"33,1";"35,2";"32,4";"";"";"";"";"";"";"986,7";"987,8";"986,7";"1,3";"";"4,8";"2629,40";"0,0"
"30/08/2025";"1900";"32,8";"34,8";"32,4";"";"";"";"";"";"";"985,8";"986,7";"985,8";"1,3";"";"4,1";"1800,70";"0,0"
"30/08/2025";"2000";"34,7";"35,2";"31,6";"";"";"";"";"";"";"985,1";"985,8";"985,0";"1,3";"";"4,2";"1631,70";"0,0"
"30/08/2025";"2100";"33,9";"35,0";"32,5";"";"";"";"";"";"";"984,7";"985,1";"984,7";"1,1";"";"5,8";"1764,70";"0,0"
"30/08/2025";"2200";"30,5";"34,0";"29,6";"";"";"";"";"";"";"984,7";"984,8";"984,6";"1,3";"";"6,6";"1000,90";"0,0"
"30/08/2025";"2300";"27,5";"30,5";"27,5";"";"";"";"";"";"";"984,7";"984,9";"984,7";"0,6";"";"5,0";"170,10";"0,0"
"31/08/2025";"0000";"26,5";"27,6";"26,5";"";"";"";"";"";"";"985,0";"985,0";"984,7";"0,4";"";"2,6";"";"0,0"
"31/08/2025";"0100";"26,7";"26,9";"26,2";"";"";"";"";"";"";"985,6";"985,6";"985,0";"0,9";"";"1,7";"";"0,0"
"31/08/2025";"0200";"26,9";"26,9";"26,4";"";"";"";"";"";"";"985,9";"985,9";"985,6";"1,7";"";"2,9";"";"0,0"
"31/08/2025";"0300";"26,1";"26,9";"26,1";"";"";"";"";"";"";"986,2";"986,2";"985,9";"0,8";"";"2,9";"";"0,0"
"31/08/2025";"0400";"25,4";"26,1";"25,4";"";"";"";"";"";"";"986,4";"986,4";"986,2";"1,2";"";"2,3";"";"0,0"
"31/08/2025";"0500";"24,6";"25,4";"24,5";"";"";"";"";"";"";"986,3";"986,5";"986,2";"0,8";"";"2,0";"";"0,0"
"31/08/2025";"0600";"24,7";"25,0";"24,6";"";"";"";"";"";"";"986,2";"986,3";"986,2";"0,6";"";"1,7";"";"0,0"
"31/08/2025";"0700";"23,0";"24,7";"22,9";"";"";"";"";"";"";"986,1";"986,3";"986,1";"0,4";"";"1,2";"";"0,0"
"31/08/2025";"0800";"22,3";"23,3";"22,3";"";"";"";"";"";"";"986,5";"986,5";"986,1";"0,2";"";"2,5";"";"0,0"
"31/08/2025";"0900";"22,2";"22,7";"22,2";"";"";"";"";"";"";"986,5";"986,7";"986,5";"0,1";"";"0,7";"";"0,0"
"31/08/2025";"1000";"22,0";"22,3";"22,0";"";"";"";"";"";"";"987,1";"987,1";"986,5";"0,2";"";"0,9";"";"0,0"
"31/08/2025";"1100";"22,6";"22,6";"22,0";"";"";"";"";"";"";"988,0";"988,0";"987,1";"0,0";"";"0,9";"0,50";"0,0"
"31/08/2025";"1200";"25,4";"25,4";"22,4";"";"";"";"";"";"";"988,7";"988,7";"988,0";"0,1";"";"1,0";"212,10";"0,0"
"31/08/2025";"1300";"28,5";"28,5";"25,3";"";"";"";"";"";"";"989,4";"989,4";"988,7";"1,0";"";"3,0";"830,60";"0,0"
"31/08/2025";"1400";"30,5";"30,8";"28,1";"";"";"";"";"";"";"989,9";"989,9";"989,4";"1,9";"";"3,6";"1887,60";"0,0"
"31/08/2025";"1500";"32,8";"32,8";"30,2";"";"";"";"";"";"";"989,9";"990,1";"989,8";"1,9";"";"4,7";"2593,50";"0,0"
"31/08/2025";"1600";"33,5";"34,1";"32,0";"";"";"";"";"";"";"989,4";"989,9";"989,4";"1,1";"";"4,8";"3058,60";"0,0"
"31/08/2025";"1700";"34,9";"35,4";"33,1";"";"";"";"";"";"";"988,4";"989,4";"988,4";"1,1";"";"4,9";"3247,10";"0,0"
"31/08/2025";"1800";"35,5";"35,8";"33,6";"";"";"";"";"";"";"987,4";"988,4";"987,4";"1,5";"";"4,6";"3071,50";"0,0"
"31/08/2025";"1900";"34,2";"36,3";"34,2";"";"";"";"";"";"";"986,2";"987,4";"986,2";"1,8";"";"4,2";"2646,30";"0,0"
"31/08/2025";"2000";"35,3";"35,3";"32,8";"";"";"";"";"";"";"985,1";"986,2";"985,1";"1,5";"";"5,1";"1776,20";"0,0"
"31/08/2025";"2100";"34,0";"35,3";"33,5";"";"";"";"";"";"";"984,5";"985,1";"984,5";"2,0";"";"4,5";"1686,90";"0,0"
"31/08/2025";"2200";"32,3";"34,1";"32,2";"";"";"";"";"";"";"984,3";"984,6";"984,3";"1,5";"";"4,1";"614,60";"0,0"
"31/08/2025";"2300";"29,8";"32,3";"29,8";"";"";"";"";"";"";"984,7";"984,7";"984,2";"0,6";"";"3,1";"146,50";"0,0"